id,name,address,street,city,state,zip,latitude,longitude,court_count,lighted,hitting_wall,pickleball_lined,indoor_outdoor,managed_by,reservation_policy,contact_phone,booking_url,court_level_booking_url,hours,description,notes,category,status
1,Alki Playfield,"5817 SW Lander St, Seattle, WA 98136",5817 SW Lander St,Seattle,WA,98136,,,2,True,False,True,outdoor,Seattle Parks & Recreation,Reserve through Seattle Parks,(206) 684-4082,https://anc.apm.activecommunities.com/seattle/reservation/search?keyword=tennis%20court&resourceType=0&equipmentQty=0&facilityCenterIds=134,,,Alki Playground has 2 lighted (March-October) courts located in the NW section of the park. There is a playground in the NE section of the park - Whale Tail Park.,,public_park,active
2,Amy Yee Tennis Center (AYTC),"2000 Martin Luther King Jr Way S, Seattle, WA 98144",2000 Martin Luther King Jr Way S,Seattle,WA,98144,,,6,False,True,False,outdoor,Seattle Parks & Recreation,Reserve through Seattle Parks,(206) 684-4764,https://anc.apm.activecommunities.com/seattle/reservation/search?keyword=tennis%20court&resourceType=0&equipmentQty=0&facilityCenterIds=2,,,"Amy Yee Tennis Center features 6 outdoor courts located east of the indoor facility. The courts have a view of downtown Seattle. The indoor facility amenities include restrooms, water fountains, an on-site parking lot and a lounge area. Outdoor Court #2 has a hitting wall.",This row tracks the 6 outdoor courts only. Amy Yee also has 10 indoor courts (not tracked here). | Indoor row added separately as 'Amy Yee Tennis Center (Indoor)' to capture the 10 indoor courts.,public_park,active
3,Ballard High School Playfield,"1418 NW 65th St, Seattle, WA 98117",1418 NW 65th St,Seattle,WA,98117,,,4,False,False,False,outdoor,Seattle Parks & Recreation,Reserve through Seattle Parks,(206) 684-4082,https://anc.apm.activecommunities.com/seattle/reservation/search?keyword=tennis%20court&resourceType=0&equipmentQty=0&facilityCenterIds=150,,,"Ballard High School Tennis Courts are located along NW 67th St, at the north side of the school. All Seattle Public School Courts are closed to the general public until 4PM during the school year.",,public_park,active
4,Beacon Hill Playfield,"1902 13th Ave S, Seattle, WA 98144",1902 13th Ave S,Seattle,WA,98144,,,2,False,True,True,outdoor,Seattle Parks & Recreation,Reserve through Seattle Parks,(206) 684-4082,https://anc.apm.activecommunities.com/seattle/reservation/search?keyword=tennis%20court&resourceType=0&equipmentQty=0&facilityCenterIds=136,,,Beacon Hill Playfield features 2 tennis courts located on the corner of 13th Ave S and S Grand St,,public_park,active
5,Bitter Lake Playfield,"13035 Linden Ave N, Seattle, WA 98133",13035 Linden Ave N,Seattle,WA,98133,,,4,True,False,True,outdoor,Seattle Parks & Recreation,Reserve through Seattle Parks,(206) 684-4082,https://anc.apm.activecommunities.com/seattle/reservation/search?keyword=tennis%20court&resourceType=0&equipmentQty=0&facilityCenterIds=137,,,Bitter Lake features 4 lighted (Mar-Oct) tennis courts located along N 130th St between Linden and Fremont Ave. These courts were resurfaced in 2020 and include lines for pickleball play,,public_park,active
6,Brighton Playfield,"6000 39th Ave S, Seattle, WA 98136",6000 39th Ave S,Seattle,WA,98136,,,2,False,False,True,outdoor,Seattle Parks & Recreation,Reserve through Seattle Parks,(206) 684-4082,https://anc.apm.activecommunities.com/seattle/reservation/search?keyword=tennis%20court&resourceType=0&equipmentQty=0&facilityCenterIds=138,,,"Brighton features 2 recently resurfaced tennis courts just north of Aki Kurose Middle School, along 39th Ave S",,public_park,active
7,Bryant Playground,"4103 NE 65th St, Seattle, WA 98115",4103 NE 65th St,Seattle,WA,98115,,,2,False,False,False,outdoor,Seattle Parks & Recreation,Reserve through Seattle Parks,(206) 684-4081,https://anc.apm.activecommunities.com/seattle/reservation/search?keyword=tennis%20court&resourceType=0&equipmentQty=0&facilityCenterIds=73,,,"Bryant Playground features two tennis courts in the middle of the park. The courts were resurfaced in July 2020. For more information, call the Tennis Center at (206) 684-4764.",,public_park,active
8,David Rodgers Park,"2800 1st Ave W, Seattle, WA 98119",2800 1st Ave W,Seattle,WA,98119,,,3,False,True,False,outdoor,Seattle Parks & Recreation,Reserve through Seattle Parks,(206) 684-4081,https://anc.apm.activecommunities.com/seattle/reservation/search?keyword=tennis%20court&resourceType=0&equipmentQty=0&facilityCenterIds=93,,,David Rodgers Park features 3 courts located off 1st Ave W and W Armour St. Court 3 has a hitting wall.,,public_park,active
9,Dearborn Park,"2919 S Brandon St, Seattle, WA 98126",2919 S Brandon St,Seattle,WA,98126,,,2,False,False,True,outdoor,Seattle Parks & Recreation,Reserve through Seattle Parks,(206) 684-4081,https://anc.apm.activecommunities.com/seattle/reservation/search?keyword=tennis%20court&resourceType=0&equipmentQty=0&facilityCenterIds=44,,,Dearborn Park features 2 recently resurfaced tennis courts tucked into the south portion of the park,,public_park,active
10,Delridge Playfield,"4458 Delridge Way SW, Seattle, WA 98106",4458 Delridge Way SW,Seattle,WA,98106,,,2,False,False,True,outdoor,Seattle Parks & Recreation,Reserve through Seattle Parks,(206) 684-4082,https://anc.apm.activecommunities.com/seattle/reservation/search?keyword=tennis%20court&resourceType=0&equipmentQty=0&facilityCenterIds=141,,,"Delridge Playfield Tennis and Pickleball Courts have 2 courts that are also lined for pickleball. The courts are located on 26th Ave SW, directly W of the Community Center.",,public_park,active
11,Discovery Park,"3801 Discovery Park Blvd, Seattle, WA 98199",3801 Discovery Park Blvd,Seattle,WA,98199,,,2,False,False,True,outdoor,Seattle Parks & Recreation,Reserve through Seattle Parks,(206) 684-4081,https://anc.apm.activecommunities.com/seattle/reservation/search?keyword=tennis%20court&resourceType=0&equipmentQty=0&facilityCenterIds=96,,,"Discovery Park has 2 tennis courts that also lined for pickleball. They are located in the SE portion of the park, near the playground",,public_park,active
12,Froula Playground,"7200 12th Ave NE, Seattle, WA 98115",7200 12th Ave NE,Seattle,WA,98115,,,2,False,False,False,outdoor,Seattle Parks & Recreation,Reserve through Seattle Parks,(206) 684-4081,https://anc.apm.activecommunities.com/seattle/reservation/search?keyword=tennis%20court&resourceType=0&equipmentQty=0&facilityCenterIds=208,,,"Froula Playground has 2 resurfaced (2019) courts located off of 12th Ave NE and NE 72nd St. For more information, call the Tennis Center at (206) 684-4764.",,public_park,active
13,Garfield Playfield,"2323 E Cherry St, Seattle, WA 98122",2323 E Cherry St,Seattle,WA,98122,,,2,True,False,False,outdoor,Seattle Parks & Recreation,Reserve through Seattle Parks,(206) 684-4082,https://anc.apm.activecommunities.com/seattle/reservation/search?keyword=tennis%20court&resourceType=0&equipmentQty=0&facilityCenterIds=144,,,"Garfield has 2 lighted tennis courts (Mar-Oct) located on the corner of E Cherry St and 25th Ave, just E of the Community Center.",,public_park,active
14,Gilman Playfield,"923 NW 54th St, Seattle, WA 98107",923 NW 54th St,Seattle,WA,98107,,,2,False,False,True,outdoor,Seattle Parks & Recreation,Reserve through Seattle Parks,(206) 684-4082,https://anc.apm.activecommunities.com/seattle/reservation/search?keyword=tennis%20court&resourceType=0&equipmentQty=0&facilityCenterIds=146,,,Gilman Playfield has 2 courts located on NW 53rd St and 11th Ave NW.,,public_park,active
15,Green Lake Park West,"Green Lake Park7201 E Green Lake Dr N, Seattle, WA 98115",Green Lake Park7201 E Green Lake Dr N,Seattle,WA,98115,,,2,False,False,False,outdoor,Seattle Parks & Recreation,Reserve through Seattle Parks,(206) 684-4076,https://anc.apm.activecommunities.com/seattle/reservation/search?keyword=tennis%20court&resourceType=0&equipmentQty=0&facilityCenterIds=10,,,"Greenlake Park West has 2 courts. The courts are more secluded, located along West Green Lake Dr N. There is a parking lot directly to the west of the courts and The Bathhouse Theater building to the west of the parking lot.",,public_park,active
16,Hiawatha Playfield,"2700 SW California Ave SW, Seattle, WA 98116",2700 SW California Ave SW,Seattle,WA,98116,,,3,True,True,False,outdoor,Seattle Parks & Recreation,Reserve through Seattle Parks,(206) 684-4082,https://anc.apm.activecommunities.com/seattle/reservation/search?keyword=tennis%20court&resourceType=0&equipmentQty=0&facilityCenterIds=147,,,Hiawatha Playfield has 3 lighted courts located in the NC area of the park. There is a Playground and wading pool to in the NE corner of the park and a park area in the NW corner. There is a Community Center located in the CE part of the park to the E of the ballfield.,,public_park,active
17,Ingraham High School Athletics Complex,"1819 N 135th St, Seattle, WA 98133",1819 N 135th St,Seattle,WA,98133,,,3,False,False,False,outdoor,Seattle Parks & Recreation,Reserve through Seattle Parks,(206) 684-4082,https://anc.apm.activecommunities.com/seattle/reservation/search?keyword=tennis%20court&resourceType=0&equipmentQty=0&facilityCenterIds=159,,,"Ingraham High School Courts are located along the south side of the school, with the entrance along Ashworth Ave N. This court is lined for tennis only. Pickleball or other alternate activities must be approved by SPS and SPR staff. All Seattle Public School Courts are closed to the general public until 4PM during the school year.",,public_park,active
18,Jefferson Park (previously Lid Playfield,")3901 Beacon Ave S, Seattle, WA 98108",)3901 Beacon Ave S,Seattle,WA,98108,,,4,True,False,False,outdoor,Seattle Parks & Recreation,Reserve through Seattle Parks,(206) 684-4082,https://anc.apm.activecommunities.com/seattle/reservation/search?keyword=tennis%20court&resourceType=0&equipmentQty=0&facilityCenterIds=271,,,"Jefferson Park features 4 popular, lighted courts, located off of Beacon Ave S, just north of the Jefferson Community Center. For more information, call the Tennis Center at (206) 684-4764.",,public_park,active
19,Laurelhurst Playfield,"4544 NE 41st St, Seattle, WA 98105",4544 NE 41st St,Seattle,WA,98105,,,4,True,True,True,outdoor,Seattle Parks & Recreation,Reserve through Seattle Parks,(206) 684-4082,https://anc.apm.activecommunities.com/seattle/reservation/search?keyword=tennis%20court&resourceType=0&equipmentQty=0&facilityCenterIds=372,,,"Laurelhurst Playfield features 4 lighted tennis courts, just west of the Community Center on NE 41st St. There is a hitting wall located behind the 4 courts. These courts are lighted from the first week of March through the first week in November. For more information, call the Tennis Center at (206) 684-4764.",,public_park,active
20,Lower Woodland Playfield,"5773 West Green Lake Way N, Seattle, WA 98103",5773 West Green Lake Way N,Seattle,WA,98103,,,10,True,False,False,outdoor,Seattle Parks & Recreation,Reserve through Seattle Parks,(206) 684-4077,https://anc.apm.activecommunities.com/seattle/reservation/search?keyword=tennis%20court&resourceType=0&equipmentQty=0&facilityCenterIds=13,,,"Lower Woodland Park has 10 very popular lighted courts. There is a parking area to the E of the courts. To the NW of the courts is a large off-leash dog park. The large playfield is to the E and SE of these courts. Green Lake is to the N of these courts. The Seattle City Open is held here every summer. For more information, call the Tennis Center at (206) 684-4764.",,public_park,active
21,Madison Park,"E Madison St & E Howe St, Seattle, WA 98112",E Madison St & E Howe St,Seattle,WA,98112,,,2,True,False,False,outdoor,Seattle Parks & Recreation,Reserve through Seattle Parks,(206) 684-4081,https://anc.apm.activecommunities.com/seattle/reservation/search?keyword=tennis%20court&resourceType=0&equipmentQty=0&facilityCenterIds=427,,,Madison Park has 2 lighted courts (Mar-Oct) located on 42nd Ave E and E Blaine St. They are walking distance from the beach,,public_park,active
22,Madrona Playground,"3211 E Spring St, Seattle, WA 98122",3211 E Spring St,Seattle,WA,98122,,,2,True,False,False,outdoor,Seattle Parks & Recreation,Reserve through Seattle Parks,(206) 684-4081,https://anc.apm.activecommunities.com/seattle/reservation/search?keyword=tennis%20court&resourceType=0&equipmentQty=0&facilityCenterIds=449,,,Madrona Playground has 2 lighted tennis courts (Mar-Oct) located on 33rd Ave and E Spring St,,public_park,active
23,Magnolia Park,"1461 Magnolia Blvd W, Seattle, WA 98199",1461 Magnolia Blvd W,Seattle,WA,98199,,,2,False,False,False,outdoor,Seattle Parks & Recreation,Reserve through Seattle Parks,(206) 684-4081,https://anc.apm.activecommunities.com/seattle/reservation/search?keyword=tennis%20court&resourceType=0&equipmentQty=0&facilityCenterIds=454,,,Magnolia Park features 2 courts on the corner of Magnolia Blvd W and W Howe St,,public_park,active
24,Magnolia Playfield,"2518 W 34th W, Seattle, WA 98199",2518 W 34th W,Seattle,WA,98199,,,4,False,False,True,outdoor,Seattle Parks & Recreation,Reserve through Seattle Parks,(206) 684-4082,https://anc.apm.activecommunities.com/seattle/reservation/search?keyword=tennis%20court&resourceType=0&equipmentQty=0&facilityCenterIds=455,,,"Magnolia Playfield has 4 courts located off of W Smith St and 34th Ave W, just south of Magnolia Community Center.",,public_park,active
25,Meadowbrook Playfield,"10533 35th Ave NE, Seattle, WA 98125",10533 35th Ave NE,Seattle,WA,98125,,,6,True,False,False,outdoor,Seattle Parks & Recreation,Reserve through Seattle Parks,(206) 684-4082,https://anc.apm.activecommunities.com/seattle/reservation/search?keyword=tennis%20court&resourceType=0&equipmentQty=0&facilityCenterIds=295,,,"Meadowbrook Playfield features 6 lighted courts located off of 30th Ave NE and NE 107th St. There is a large public parking lot next to the courts. For more information, call the Tennis Center at (206) 684-4764.",,public_park,active
26,Miller Playfield,"300 19th Ave E, Seattle, WA 98112",300 19th Ave E,Seattle,WA,98112,,,2,True,False,True,outdoor,Seattle Parks & Recreation,Reserve through Seattle Parks,(206) 684-4082,https://anc.apm.activecommunities.com/seattle/reservation/search?keyword=tennis%20court&resourceType=0&equipmentQty=0&facilityCenterIds=304,,,"Miller Playfield features 2 lighted tennis courts with pickleball lines, located along E Thomas St and 19th Ave E, just south of the Miller Community Center.",,public_park,active
27,Montlake Playfield,"1618 E Calhoun St, Seattle, WA 98112",1618 E Calhoun St,Seattle,WA,98112,,,2,False,False,True,outdoor,Seattle Parks & Recreation,Reserve through Seattle Parks,(206) 684-4082,https://anc.apm.activecommunities.com/seattle/reservation/search?keyword=tennis%20court&resourceType=0&equipmentQty=0&facilityCenterIds=307,,,Montlake Playfield has 2 courts located next to the Community Center on E Calhoun St and 16th Ave E,,public_park,active
28,Mount Baker Park,"2521 Lake Park Dr S, Seattle, WA 98144",2521 Lake Park Dr S,Seattle,WA,98144,,,2,True,False,True,outdoor,Seattle Parks & Recreation,Reserve through Seattle Parks,(206) 684-4081,https://anc.apm.activecommunities.com/seattle/reservation/search?keyword=tennis%20court&resourceType=0&equipmentQty=0&facilityCenterIds=310,,,"Mount Baker Park has 2 lighted courts (Mar-Oct) on Lake Park Dr S, just north of McClellan St and the playground",,public_park,active
29,Observatory Courts,"1405 Warren Ave N, Seattle, WA 98109",1405 Warren Ave N,Seattle,WA,98109,,,2,False,False,True,outdoor,Seattle Parks & Recreation,Reserve through Seattle Parks,(206) 684-4082,https://anc.apm.activecommunities.com/seattle/reservation/search?keyword=tennis%20court&resourceType=0&equipmentQty=0&facilityCenterIds=349,,,This small park contains two tennis courts near a firehouse and the old Queen Anne observatory/water tower. Both courts are lined for pickleball play,,public_park,active
30,Rainier Beach Playfield,"8802 Rainier Ave S, Seattle, WA 98118",8802 Rainier Ave S,Seattle,WA,98118,,,4,True,False,True,outdoor,Seattle Parks & Recreation,Reserve through Seattle Parks,(206) 684-4082,https://anc.apm.activecommunities.com/seattle/reservation/search?keyword=tennis%20court&resourceType=0&equipmentQty=0&facilityCenterIds=407,,,"Rainier Beach Playfield has 4 lighted courts (Mar-Oct) located along S Henderson St, just W of the Community Center and South Shore K-8",,public_park,active
31,Rainier Playfield,"3700 S Alaska St, Seattle, WA 98118",3700 S Alaska St,Seattle,WA,98118,,,4,True,False,False,outdoor,Seattle Parks & Recreation,Reserve through Seattle Parks,(206) 684-4082,https://anc.apm.activecommunities.com/seattle/reservation/search?keyword=tennis%20court&resourceType=0&equipmentQty=0&facilityCenterIds=410,,,"Rainier Playfield has 4 popular, lighted courts located near Rainier Ave S and S Oregon St. For more information, call the Tennis Center at (206) 684-4764.",,public_park,active
32,Riverview Playfield,"7226 12th Ave SW, Seattle, WA 98106",7226 12th Ave SW,Seattle,WA,98106,,,2,False,False,False,outdoor,Seattle Parks & Recreation,Reserve through Seattle Parks,(206) 684-4082,https://anc.apm.activecommunities.com/seattle/reservation/search?keyword=tennis%20court&resourceType=0&equipmentQty=0&facilityCenterIds=423,,,Riverview Playfield has 2 courts located along 12th Ave SW. This park borders the West Duwamish Greenbelt,,public_park,active
33,Rogers Playfield,"Rogers (Eastlake) Playfieldeastlake Ave E & E Roanoke St, Seattle, WA 98112",Rogers (Eastlake) Playfieldeastlake Ave E & E Roanoke St,Seattle,WA,98112,,,2,False,False,False,outdoor,Seattle Parks & Recreation,Reserve through Seattle Parks,(206) 684-4082,https://anc.apm.activecommunities.com/seattle/reservation/search?keyword=tennis%20court&resourceType=0&equipmentQty=0&facilityCenterIds=425,,,Rogers Playfield has 2 courts located along E Roanoke St and Eastlake Ave E,,public_park,active
34,Sam Smith (I90 Lid) Park,"Sam Smith Park (I-90 Lid)1400 Martin Luther King Jr Way S, Seattle, WA 98144",Sam Smith Park (I-90 Lid)1400 Martin Luther King Jr Way S,Seattle,WA,98144,,,2,False,False,False,outdoor,Seattle Parks & Recreation,Reserve through Seattle Parks,(206) 684-4081,https://anc.apm.activecommunities.com/seattle/reservation/search?keyword=tennis%20court&resourceType=0&equipmentQty=0&facilityCenterIds=429,,,"Set atop the Mt. Baker Tunnel, Sam Smith Park has 2 courts located in the middle of the park. This park features the I-90 bike trail and a playground",,public_park,active
35,Nino Cantu Southwest Athletic Complex (SWAC) Tennis Courts,"2801 SW Thistle St, Seattle, WA 98126",2801 SW Thistle St,Seattle,WA,98126,,,6,True,False,True,outdoor,Seattle Parks & Recreation,Reserve through Seattle Parks,(206) 684-4082,https://anc.apm.activecommunities.com/seattle/reservation/search?keyword=tennis%20court&resourceType=0&equipmentQty=0&facilityCenterIds=439,,,"Six tennis courts at the Nino Cantu Southwest Athletic Complex (SWAC), adjacent to Chief Sealth High School. Reserve through Seattle Parks.","⚠️ MERGED: Row 44 'SWAC Tennis Courts' was a duplicate of this complex. Source conflict on lighting and pickleball striping: Seattle Parks reservation description is tennis-focused (historically No lights, No PB), but West Seattle Blog reports pickleball lines were added in 2023 and the complex is actively used. Field-verify both attributes before publishing.",public_park,active
36,Seward Park,"5898 Lake Washington Blvd S, Seattle, WA 98118",5898 Lake Washington Blvd S,Seattle,WA,98118,,,2,False,False,False,outdoor,Seattle Parks & Recreation,Reserve through Seattle Parks,(206) 684-4076,https://anc.apm.activecommunities.com/seattle/reservation/search?keyword=tennis%20court&resourceType=0&equipmentQty=0&facilityCenterIds=20,,,"Seward Park has 2 recently resurfaced courts that are located along Lake Washington, just south of the main entrance to the park on Lake Washington Blvd S",,public_park,active
37,Solstice Park,"7400 Fauntleroy Way SW, Seattle, WA 98136",7400 Fauntleroy Way SW,Seattle,WA,98136,,,6,True,True,False,outdoor,Seattle Parks & Recreation,Reserve through Seattle Parks,(206) 684-4081,https://anc.apm.activecommunities.com/seattle/reservation/search?keyword=tennis%20court&resourceType=0&equipmentQty=0&facilityCenterIds=219,,,"Solstice Park has 6 lighted tennis courts in the SW corner of Solstice Park and across the street from Lincoln Park. Solstice Park is known for rock formations marking the equinox and solstice. Those rock formations are to the E of the tennis courts. There is also a Community Pea Patch to the E of the tennis courts in the middle of the park area. For more information, call the Tennis Center at (206) 684-4764.",,public_park,active
38,Soundview Playfield,"1590 NW 90th St, Seattle, WA 98117",1590 NW 90th St,Seattle,WA,98117,,,2,False,False,True,outdoor,Seattle Parks & Recreation,Reserve through Seattle Parks,(206) 684-4082,https://anc.apm.activecommunities.com/seattle/reservation/search?keyword=tennis%20court&resourceType=0&equipmentQty=0&facilityCenterIds=230,,,Soundview Playfield has 2 courts located in the W portion of the park. These courts are also lined for Pickleball play,,public_park,active
39,Upper Woodland Park,"1000 N 50th St, Seattle, WA 98103",1000 N 50th St,Seattle,WA,98103,,,4,False,False,False,outdoor,Seattle Parks & Recreation,Reserve through Seattle Parks,(206) 684-4764,https://anc.apm.activecommunities.com/seattle/reservation/search?keyword=Lower%20Woodland%20Playfield%20Upper%20Court&resourceType=0&equipmentQty=0,,,"Commonly known as ""Upper Woodland,"" this area of the park has 4 tennis courts located along N 50th St. The cross street is Midvale Ave N. There is a parking lot near the courts. For more information, call the Tennis Center at (206) 684-4764.",Per Seattle Parks reservation system: 4 tennis courts along N 50th St near Midvale Ave N. Reservation contact is Amy Yee Tennis Center (206) 684-4764.,public_park,active
40,Wallingford Playfield,"4219 Wallingford Ave N, Seattle, WA 98103",4219 Wallingford Ave N,Seattle,WA,98103,,,2,False,True,False,outdoor,Seattle Parks & Recreation,Reserve through Seattle Parks,(206) 684-4082,https://anc.apm.activecommunities.com/seattle/reservation/search?keyword=tennis%20court&resourceType=0&equipmentQty=0&facilityCenterIds=260,,,Wallingford Playfield has 2 tennis courts located along Wallingford Ave N and N 42nd St. Both courts have a hitting wall available,,public_park,active
41,Walt Hundley Playfield,"6920 34th Ave SW, Seattle, WA 98126",6920 34th Ave SW,Seattle,WA,98126,,,2,False,False,True,outdoor,Seattle Parks & Recreation,Reserve through Seattle Parks,(206) 684-4082,https://anc.apm.activecommunities.com/seattle/reservation/search?keyword=tennis%20court&resourceType=0&equipmentQty=0&facilityCenterIds=253,,,Walt Hundley Playfield has two courts in the NW corner of the Park. These courts are also lined for pickleball play. High Point CC is to the immediate N of the courts in the far NW corner of the park.,,public_park,active
42,Volunteer Park Tennis Court,"1247 15th Ave E, Seattle, WA 98112",1247 15th Ave E,Seattle,WA,98112,,,4,True,True,False,outdoor,Seattle Parks & Recreation,Reserve through Seattle Parks,(206) 684-4076,https://anc.apm.activecommunities.com/seattle/reservation/search?keyword=Volunteer%20Park%20Court&resourceType=0&equipmentQty=0,,,"Volunteer Park has 4 courts total, and two are lighted tennis courts (lower courts only, Mar-Oct) located in the NW corner of the park, just W of the Conservatory",,public_park,active
43,Sakai park tennis court,"1560 Madison Ave N, Bainbridge Island, WA 98110",1560 Madison Ave N,Bainbridge Island,WA,98110,,,2,False,False,False,outdoor,Bainbridge Island Metro Park & Recreation District,Reserve through Bainbridge Parks,(206) 842-2302,https://anc.apm.activecommunities.com/biparksrec/reservation/landing/search?keyword=sakai%20park%20tennis%20court&eventTypeIds=28,,,Minimum reservation time: 60 mins; Maximum reservation time: 240 mins; Residents/Non-residents can make reservations at least 3 day(s) in advance but not more than 60 day(s) in advance. You need an account to book a court.,Source conflict: Bainbridge Parks general listing may lag the Sakai project; 2-court count confirmed by Bainbridge Review (2025 opening) and BCTA locations. Verify via reservation system or field check before publishing.,public_park,active
44,Eagledale Park,"5055 Rose Ave NE, Bainbridge Island, WA 98110",5055 Rose Ave NE,Bainbridge Island,WA,98110,,,1,False,False,False,outdoor,Bainbridge Island Metro Park & Recreation District,Reserve through Bainbridge Parks,(206) 842-0501,https://anc.apm.activecommunities.com/biparksrec/reservation/landing/search/detail/344,,,Minimum reservation time: 60 mins; Maximum reservation time: 240 mins; Residents/Non-residents can make reservations at least 3 day(s) in advance but not more than 60 day(s) in advance. You need an account to book a court.,,public_park,active
45,Strawberry Hill Park,"7666 NE High School Rd, Bainbridge Island, WA 98110",7666 NE High School Rd,Bainbridge Island,WA,98110,,,2,False,False,False,outdoor,Bainbridge Island Metro Park & Recreation District,Reserve through Bainbridge Parks,(206) 842-0501,https://anc.apm.activecommunities.com/biparksrec/reservation/landing/search/detail/351,,,Minimum reservation time: 60 mins; Maximum reservation time: 240 mins; Residents/Non-residents can make reservations at least 3 day(s) in advance but not more than 60 day(s) in advance. You need an account to book a court.,Per Bainbridge Parks Strawberry Hill page: two tennis courts.,public_park,active
46,Bainbridge Island Recreation Center,"11700 Meadowmeer Cir NE, Bainbridge Island, WA 98110",11700 Meadowmeer Cir NE,Bainbridge Island,WA,98110,,,4,True,False,True,indoor,Bainbridge Island Metro Park & Recreation District,No membership required to book,(206) 842-5661,https://app.courtreserve.com/Online/Reservations/Bookings/8335?sId=12981,,call to book,"To book a tennis court as a non‑member, call 206‑842‑5661 during BIRC front‑desk hours (roughly 5:30 a.m.–9:30 p.m. Mon–Thu, until 8 p.m. Fri, and 6 a.m.–8 p.m. Sat–Sun).",Pickleball Lined=Yes is partial: only 1 of the 4 indoor tennis courts is pickleball-lined (per BIRC official). Other 3 are dedicated tennis.,indoor_facility,active
47,Bainbridge High School Tennis Courts,"9330 High School Rd NE, Bainbridge Island, WA 98110",9330 High School Rd NE,Bainbridge Island,WA,98110,,,6,False,False,False,outdoor,School,"No membership required, first come first play",,,,,"The high school courts are primarily for school use and unavailable during school sessions or team activities.  Public access is on a first-come, first-served basis outside those times, without reservations. They are available after 3:30 PM when tennis season not in session.",,school,active
48,Bobby Morris at Cal Anderson Tennis Court #1,"1600 Nagle Pl, Seattle, WA 98122",1600 Nagle Pl,Seattle,WA,98122,,,1,True,False,False,outdoor,Seattle Parks & Recreation,cannot be reserved,,https://www.seattle.gov/parks/parks/cal-anderson-park,,,,,public_park,active
49,Ravenna-Eckstein Park Tennis Court,"6519 21st Ave NE, Seattle, WA 98115",6519 21st Ave NE,Seattle,WA,98115,,,1,False,False,False,outdoor,Seattle Parks & Recreation,cannot be reserved,,,,,Nice single tennis court.  There is also a wall to practice on which is hard to find in Seattle.,,public_park,active
50,Ravenna Park Tennis Court,"5520 Ravenna Ave NE, Seattle, WA 98105",5520 Ravenna Ave NE,Seattle,WA,98105,,,2,False,True,False,outdoor,Seattle Parks & Recreation,cannot be reserved,,,,,,,public_park,active
51,Kinnear Park Tennis and Pickleball Courts,"899 W Olympic Pl, Seattle, WA 98119",899 W Olympic Pl,Seattle,WA,98119,,,1,False,False,True,outdoor,Seattle Parks & Recreation,cannot be reserved,,,,,"There’s only one court, but it’s surrounded by trees and there’s a bench to wait if the court is taken.",,public_park,active
52,Leschi Park Tennis Court,"201 Lakeside Ave S, Seattle, WA 98122",201 Lakeside Ave S,Seattle,WA,98122,,,1,False,False,False,outdoor,Seattle Parks & Recreation,cannot be reserved,,,,,,,public_park,active
53,South Park Playground Park Tennis court,"738 S Sullivan St, Seattle, WA 98108",738 S Sullivan St,Seattle,WA,98108,,,1,False,False,True,outdoor,Seattle Parks & Recreation,cannot be reserved,,,,,,,public_park,active
54,Victory Heights Playground Tennis Court,"1737 NE 106th St, Seattle, WA 98125",1737 NE 106th St,Seattle,WA,98125,,,1,False,False,False,outdoor,Seattle Parks & Recreation,cannot be reserved,,,,,,,public_park,active
55,Georgetown Playfield Tennis Court,"750 S Homer St, Seattle, WA 98108",750 S Homer St,Seattle,WA,98108,,,1,False,False,True,outdoor,Seattle Parks & Recreation,cannot be reserved,,,,,,,public_park,active
56,University Playground Park Tennis Courts,"4742 7th Ave NE, Seattle, WA 98105",4742 7th Ave NE,Seattle,WA,98105,,,2,False,False,False,outdoor,Seattle Parks & Recreation,cannot be reserved,,,,,,,public_park,active
57,Tennis Center Sand Point,"7135 Sportsfield Dr NE, Seattle, WA 98115",7135 Sportsfield Dr NE,Seattle,WA,98115,,,10,True,False,True,indoor,Club,Membership required,(206) 522-5008,https://tcsp.clubautomation.com,,Mon - Fri: 5:45 AM–11:15 PM; Sat - Sun: 7 AM–10 PM,"TCSP provides ten championship tennis courts available to reserve. Members can reserve a court through their online account, mobile app, in-person, or by phone.",,private_club,active
58,Seattle Tennis Club,"922 McGilvra Blvd E, Seattle, WA 98112",922 McGilvra Blvd E,Seattle,WA,98112,,,19,True,False,False,both,Club,Membership required,(206) 324-3200,https://www.seattletennisclub.org,,Everyday 9AM - 9PM,"Located in the charming neighborhood of Madison Park, Seattle Tennis Club is nestled on the picturesque shores of Lake Washington, boasting panoramic views of downtown Bellevue, the Cascade Mountain Range, and Mount Rainier.",,private_club,active
59,Central Park Tennis Club,"5820 125th Lane NE, Kirkland, WA 98033",5820 125th Lane NE,Kirkland,WA,98033,,,18,True,False,True,both,Club,Membership required,(425) 822-2206,https://www.centralparktennisclub.com/sites/courses/template.asp?id=2308&page=128103,,Mon - Fri: 6 AM–10:30 PM; Sat - Sun: 7 AM–10 PM,"Central Park Tennis Club is the premier tennis club in Kirkland, Washington. Established in 1972, Central Park Tennis Club is a member-owned club that is completely dedicated to tennis.  With state-of-the-art tennis facilities including 18 courts (12 indoor & 6 outdoor), CPTC prides itself on being the ""Tennis Player's"" Club. CPTC currently holds the title of the largest member-owned hard-court indoor tennis club in the country.",,private_club,active
60,Gorin Sports Tukwila,"5830 Segale Park Drive C, Tukwila, WA 98188",5830 Segale Park Drive C,Tukwila,WA,98188,,,9,True,False,False,indoor,Club,No membership required to reserve,(425) 276-6797,https://tukwila.my.accusportview.com/login?from=%2F,,,"The club features 3 multipurpose courts for basketball and volleyball, 9 tennis courts, pickleball areas, table tennis, and badminton!",⚠️ Address source conflict: Gorin's location page lists 5830 Segale Park Dr C; USTA Play Tennis listing uses 18340 Southcenter Pkwy; another source lists 18264 Southcenter Pkwy. Verify canonical mapping address before publishing.,private_club,active
61,Gorin Sports Bellevue,"13203 NE Spring Blvd, Bellevue, WA 98005",13203 NE Spring Blvd,Bellevue,WA,98005,,,4,True,False,True,indoor,Club,No membership required to reserve,(425) 274-2969,https://www.gorintennis.com/our-washington-locations/bellevue,,Mon - Fri: 8 AM–10 PM; Sat & Sun: 8 AM–9 PM,"Welcome to Gorin Tennis Academy in Bellevue, located at the Bellevue Tennis Academy facility off Bell-Red Road and 132nd.",,private_club,active
62,Gorin Sports Redmond,"10600 231st Way NE Suite B, Redmond, WA 98053",10600 231st Way NE Suite B,Redmond,WA,98053,,,10,True,False,True,indoor,Club,No membership required to reserve,(425) 364-6896,https://www.gorintennis.com/our-washington-locations/redmond,,,"Welcome to Gorin Tennis Academy in Redmond, located at the Redmond Tennis Center at Redmond Ridge.",,private_club,active
63,Nordstrom Tennis Center,"3833 Walla Walla Rd NE, Seattle, WA 98105",3833 Walla Walla Rd NE,Seattle,WA,98105,,,6,True,False,False,indoor,Club,Membership required,(206) 543-8185,https://app.courtreserve.com/Online/Portal/Index/9459,,Mon - Fri: 7:45AM - 9:45PM; Sat - Sun: 8:30AM - 9:30PM,"Nordstrom Tennis Center is the University of Washington’s indoor tennis facility in Seattle, featuring six courts used for collegiate matches, training, and recreational play. It’s a well-known hub for tennis in the city and a home base for UW tennis programs.",,private_club,active
64,Bellevue Club,"11200 SE 6th St, Bellevue, WA 98004",11200 SE 6th St,Bellevue,WA,98004,,,10,True,False,False,both,Club,Membership required,(425) 455-1616,https://www.bellevueclub.com/move/tennis/,,Mon - Fri: 5 AM–11 PM; Sat: 6 AM–11 PM; Sun: 6 AM–9 PM,"Bellevue Club has 10 tennis courts, including 6 indoor courts and 4 seasonal courts, and its tennis program is a central part of the club’s active community.",,private_club,active
65,Pro Tennis Seattle,"2225B 6th Ave S, Seattle, WA 98134",2225B 6th Ave S,Seattle,WA,98134,,,2,True,False,False,indoor,Club,"No membership required, not bookable",,https://protennisseattle.com/classes/,,,"Classes only. The classes focus not only on improving technical skills but also on developing strategic thinking, physical fitness, and mental resilience.",,private_club,active
66,Forest Crest Tennis Club,"4901 238th St SW, Mountlake Terrace, WA 98043",4901 238th St SW,Mountlake Terrace,WA,98043,,,6,True,False,True,both,Club,No membership required to reserve,(425) 774-0014,https://forestcrest.org,,Mon – Fri: 9AM – 2PM; Saturday: Varies; Sunday: Closed,"Forest Crest Tennis Club has 6 tennis courts in total, with 3 indoor and 3 outdoor courts.",,private_club,active
67,View Ridge Swim & Tennis Club,"5815 NE 77th St, Seattle, WA 98115",5815 NE 77th St,Seattle,WA,98115,,,2,True,False,True,outdoor,Club,Membership required,(206) 524-3500,https://vrstc.org/reservations/?DB=tennis&Grid=0,,6AM - 10PM,"View Ridge Swim & Tennis Club, a member-owned Seattle gem since 1958, features top-of-the-line tennis courts, a world-class pool, and family-friendly activities.","Two lighted outdoor tennis courts (per VRSTC + third-party listings). Club also has a separate pickleball court — Pickleball Lined here reflects venue-level pickleball, not tennis-court striping.",private_club,active
68,Woodinville Sports Club,"15327 140th Pl NE, Woodinville, WA 98072",15327 140th Pl NE,Woodinville,WA,98072,,,9,True,False,False,both,Club,No membership required to reserve,(425) 487-1090,https://www.woodinvillesportsclub.com/tennis,,Mon - Fri: 6 AM–11 PM; Sat - Sun: 7 AM–10 PM,"Nestled in Woodinville, Washington, the Woodinville Sports Club offers premier tennis facilities with 8 indoor courts and 1 outdoor clay court, perfect for year-round play and training.",,private_club,active
69,Eastside Tennis Center,"10822 117th Pl NE, Kirkland, WA 98033",10822 117th Pl NE,Kirkland,WA,98033,,,6,True,False,True,indoor,Club,No membership required to reserve,425-658-4046,https://www.topskirkland.org/eastsidetenniscenter,,Mon - Fri: 8:15 am - 10:30 pm; Sat & Sun:  7:30 am - 10:30 pm,Eastside Tennis Center has 12 tennis courts total: 6 full-size indoor courts and 6 youth-sized indoor courts.,Courts #=6 reflects full-sized regulation (78-ft) tennis courts only. Eastside Tennis Center also has 6 youth-sized (36-ft) courts for junior programs — not counted in the regulation total.,private_club,active
70,Arbor Heights Swim and Tennis Club,"11003 31st Ave SW, Seattle, WA 98146",11003 31st Ave SW,Seattle,WA,98146,,,2,True,False,False,outdoor,Club,Membership required,(206) 244-6557,https://ahstc.com/tennis-team/,,Open 24 hours,"Nestled in West Seattle, Arbor Heights Swim and Tennis Club offers members a private seasonal retreat with a pool, tennis courts, and family-friendly activities.",,private_club,active
71,Sand Point Country Club,"8333 55th Ave NE, Seattle, WA 98115",8333 55th Ave NE,Seattle,WA,98115,,,4,True,False,False,outdoor,Club,Membership required,(206) 525-5766,https://www.sandpointcc.com,,Open 24 hours,"Sand Point Country Club has 4 tennis courts. Sand Point Country Club is a private Seattle club that offers golf, dining, fitness, and tennis amenities, including its four lighted outdoor courts.",,private_club,active
72,Edgebrook Club,"13454 SE Newport Way, Bellevue, WA 98006",13454 SE Newport Way,Bellevue,WA,98006,,,4,True,False,False,indoor,Club,Membership required,(425) 746-2786,https://www.edgebrookclub.org/tennis.html,,Everyday 8 AM–10:30 PM,"Edgebrook Club is a family‑oriented, member‑owned swim and tennis club in Bellevue, Washington, offering four indoor tennis courts along with a summer outdoor pool and a wide range of programs for players of all ages and skill levels.",,private_club,active
73,Boeing Employees Tennis Club,"6727 S 199th Pl, Kent, WA 98032",6727 S 199th Pl,Kent,WA,98032,,,9,True,False,False,indoor,Club,No membership required to reserve,253-872-5545,,,"Mon -Fri: Monday, 8 AM–9:30 PM; Sat & Sun: Monday, 8 AM–8:30 PM",,,private_club,active
74,Mill Creek Tennis Club,"15505 Country Club Dr, Mill Creek, WA 98012",15505 Country Club Dr,Mill Creek,WA,98012,,,6,True,False,False,both,Club,Membership required,(425) 224-4167,https://millcreektennisclub.net,,Mon -Fri:  7:30 AM–10:30 PM; Sat: 8:30 AM–10:30 PM; Sun: 8:30 AM–9:00 PM,"Mill Creek Tennis Club is a private tennis facility in Mill Creek, Washington, featuring a total of six tennis courts—three indoor and three outdoor—all with lighting for evening play.",,private_club,active
75,Columbia Athletic Club (Silver lake),"505 128th St SE, Everett, WA 98208",505 128th St SE,Everett,WA,98208,,,9,True,False,False,both,Club,Membership required,(425) 745-1617,https://www.columbiaathletic.com/silver-lake/sl-tennis/,,Mon - Fri: 5:30 AM–10 PM; Sat: 7 AM - 10PM; Sun: 7 AM–8:30 PM,Columbia Athletic Clubs - Silver Lake has 9 tennis courts total: 6 indoor and 3 outdoor.,,private_club,active
76,Columbia Athletic Club (Pine lake),"2930 228th Ave SE, Sammamish, WA 98075",2930 228th Ave SE,Sammamish,WA,98075,,,4,True,False,False,indoor,Club,Membership required,(425) 313-0123,https://www.pinelake.cactennis.com/users/login,,Mon - Fri: 5 AM–10:30 PM; Sat & Sun: 6:30 AM - 10:30 PM,Columbia Athletic Club - Pine Lake has 4 indoor tennis courts.,,private_club,active
77,Seattle University Tennis Courts,"550 E Cherry St, Seattle, WA 98122",550 E Cherry St,Seattle,WA,98122,,,4,True,False,False,outdoor,School,"No membership required, first come first play",206-296-6441,,,Everyday 8 AM–9 PM,Lights will illuminate at dusk and will shut off at scheduled closing of the Eisiminger Fitness Center,,college,active
78,Bill Quillian Tennis Stadium (IMA Courts #1-7),"3901 Walla Walla Rd NE, Seattle, WA 98195",3901 Walla Walla Rd NE,Seattle,WA,98195,,,7,True,False,False,outdoor,School,Open recreation for eligible UW Rec users; reservations through UW Recreation for UW departments/RSOs; non-UW groups by approval,206-543-4590,,,Check out events: https://reg.recreation.uw.edu/Facility/GetSchedule?facilityId=63612105-68a0-4fc4-81de-66520e2a2071,"It features six courts with the same high-quality surface as the nearby Nordstrom Tennis Center, serving as a key venue for University of Washington Huskies matches year-round. Court #7 is a singles court only. Hours for outdoor lights is around 9:45 PM. Call Nordstrom Tennis Center at 206-543-8185 or email uwntc@uw.edu. Reservations are handled online only for eligible UW affiliates, with courts primarily for team use but available when not scheduled.","UW Recreation policy: outdoor courts are first-come during open recreation, but access is for eligible UW Rec users (students, staff, faculty, members). Not freely open to general public.",college,active
79,IMA Courts #8-11 (+ Court #12 pickleball-only),"3950 Montlake Blvd NE, Seattle, WA 98195",3950 Montlake Blvd NE,Seattle,WA,98195,,,4,False,False,True,outdoor,School,Open recreation for eligible UW Rec users; reservations through UW Recreation for UW departments/RSOs; non-UW groups by approval,206-543-4590,,,Check out events: https://reg.recreation.uw.edu/Facility/GetSchedule?facilityId=63612105-68a0-4fc4-81de-66520e2a2071,"Courts #8-11 are located on the north side of the IMA, court #12 is used for pickleball.",Courts #8-#11 are tennis (4 courts); Court #12 is first-come pickleball per UW Recreation. Pickleball Lined=Yes reflects #12 being pickleball-only. Same UW Rec access policy as IMA #1-7.,college,active
80,Kellogg Middle School Tennis Courts,"16045 25th Ave NE, Shoreline, WA 98155",16045 25th Ave NE,Shoreline,WA,98155,,,6,False,False,False,outdoor,School,"No membership required, first come first play",,,,,Six unlit tennis courts at Kellogg Middle School (Shoreline).,"Per Tennis-Seattle and Global Tennis Network: 6 courts, no lights. Earlier lighting/cutoff claim was unverified.",school,active
81,Robinswood Tennis Center,"2400 151st Pl SE, Bellevue, WA 98007",2400 151st Pl SE,Bellevue,WA,98007,,,8,True,False,False,both,Robinswood,No Memberships required,425-452-7690,,,"Monday-Friday: 7:30 a.m.-10:15 p.m.
Saturday-Sunday: 9 a.m.-6 p.m.
Phone lines open daily at 8:30 a.m.
Phone queue begins at 8:30 a.m., Monday-Sunday for court reservations up to six days in advance.","The facility includes:  four indoor courts and four outdoor lighted courts. Throughout the winter months, two indoor courts are added with a state-of-the-art air structure.","Pickleball Lined set to No per Bellevue's official lists (not in pickleball overlay set, not starred in tennis list).",public_park,active
82,Bellevue High School Tennis,"626 108th Ave SE, Bellevue, WA 98004",626 108th Ave SE,Bellevue,WA,98004,,,6,True,False,False,outdoor,School,,,,,,"These courts are lighted (at least 3 have lights) and available for public use on weekends or non-school hours, with rentals possible through the Bellevue School District.",,school,active
83,Sammamish High School Tennis Court,"100 140th Ave SE, Bellevue, WA 98007.",,,,,,,7,False,False,False,outdoor,School,,,,,,"The courts are typically available for public use outside of school hours, on a first‑come, first‑served basis.",,school,active
84,Skyline High School,"1122 228th Ave SE, Sammamish, WA 98075",1122 228th Ave SE,Sammamish,WA,98075,,,8,True,False,False,outdoor,School,,,,,,The courts are available for public use when not reserved for school activities.,,school,active
85,Newport Hills Swim and Tennis Club,"5464 119th Ave SE, Bellevue, WA 98006",5464 119th Ave SE,Bellevue,WA,98006,,,4,False,False,False,outdoor,Club,Membership required to book,(425) 746-9510,https://www.nhstc.com/reserve-a-court.html,,Monday- Friday: 6:00am -until dusk; Saturday: 9:00 am-until dusk; Sunday: 10:00am-until dusk,"NHSTC features four outdoor tennis courts, two of which have been newly renovated.",,private_club,active
86,Odle Middle School Tennis courts,"317 145th Ave NE, Bellevue, WA 98007",317 145th Ave NE,Bellevue,WA,98007,,,4,False,False,False,outdoor,School,,(425) 456-6600,,,,The school features four tennis courts available for public use during non-school hours.,"Court address (317 145th Ave NE) is the user-provided GPS pin for the courts. Official Odle school/admin address per NCES/BSD: 502 143rd Ave NE, Bellevue, WA 98007.",school,active
87,Cherry Crest Mini Park,"2532 127th Ave. NE, Bellevue, WA 98005",2532 127th Ave. NE,Bellevue,WA,98005,,,1,False,False,True,outdoor,City of Bellevue Parks & Community Services,First come first serve; tennis reservations via Robinswood Tennis Center,425-452-7690,,,,Call 425-452-7690 to make a reservation starting at 8:30 a.m.; reservations may be made up to six days in advance.,,public_park,active
88,Cherry Crest Park,"12404 NE 32nd St, Bellevue, WA 98005",12404 NE 32nd St,Bellevue,WA,98005,,,3,False,False,False,outdoor,City of Bellevue Parks & Community Services,First come first serve; tennis reservations via Robinswood Tennis Center,425-452-7690,,,,Call 425-452-7690 to make a reservation starting at 8:30 a.m.; reservations may be made up to six days in advance.,,public_park,active
89,Crossroads Community Park,"16000 NE 10th St, Bellevue, WA 98008",16000 NE 10th St,Bellevue,WA,98008,,,3,False,False,True,outdoor,City of Bellevue Parks & Community Services,First come first serve; tennis reservations via Robinswood Tennis Center,425-452-7690,,,,"first come, first serve",,public_park,active
90,Eastgate Park,"14500 SE Newport Way, Bellevue, WA 98006",14500 SE Newport Way,Bellevue,WA,98006,,,2,False,False,True,outdoor,City of Bellevue Parks & Community Services,First come first serve; tennis reservations via Robinswood Tennis Center,(425) 452-6885,,,,"first come, first serve",,public_park,active
91,Enatai Neighborhood Park,"10661 SE 25th St, Bellevue, WA 98004",10661 SE 25th St,Bellevue,WA,98004,,,2,False,False,False,outdoor,City of Bellevue Parks & Community Services,First come first serve; tennis reservations via Robinswood Tennis Center,(425) 452-6885,,,,"first come, first serve",,public_park,active
92,Hidden Valley Sports Park,"1901 112th Ave. NE, Bellevue, WA 98004",1901 112th Ave. NE,Bellevue,WA,98004,,,1,True,False,True,outdoor,City of Bellevue Parks & Community Services,First come first serve; tennis reservations via Robinswood Tennis Center,(425) 452-6885,,,,Call 425-452-7690 to make a reservation starting at 8:30 a.m.; reservations may be made up to six days in advance.,,public_park,active
93,Highland Community Park,"14224 NE Bel Red Rd, Bellevue, WA 98007",14224 NE Bel Red Rd,Bellevue,WA,98007,,,2,False,False,True,outdoor,City of Bellevue Parks & Community Services,First come first serve; tennis reservations via Robinswood Tennis Center,(425) 452-6885,,,,Call 425-452-7690 to make a reservation starting at 8:30 a.m.; reservations may be made up to six days in advance.,,public_park,active
94,Hillaire Park,"15731 NE 6th St, Bellevue, WA 98008",15731 NE 6th St,Bellevue,WA,98008,,,2,False,False,True,outdoor,City of Bellevue Parks & Community Services,First come first serve; tennis reservations via Robinswood Tennis Center,(425) 452-6885,,,,Call 425-452-7690 to make a reservation starting at 8:30 a.m.; reservations may be made up to six days in advance.,,public_park,active
95,Killarney Glen Park,"1933 104th Ave SE, Bellevue, WA 98004",1933 104th Ave SE,Bellevue,WA,98004,,,2,False,False,False,outdoor,City of Bellevue Parks & Community Services,First come first serve; tennis reservations via Robinswood Tennis Center,(425) 452-6885,,,,Call 425-452-7690 to make a reservation starting at 8:30 a.m.; reservations may be made up to six days in advance.,,public_park,active
96,Lakemont Highlands Park,"15800 SE 63rd St, Bellevue, WA 98006",15800 SE 63rd St,Bellevue,WA,98006,,,1,False,False,False,outdoor,City of Bellevue Parks & Community Services,First come first serve; tennis reservations via Robinswood Tennis Center,(425) 452-6885,,,,Call 425-452-7690 to make a reservation starting at 8:30 a.m.; reservations may be made up to six days in advance.,,public_park,active
97,Lakemont Community Park,"5170 Village Park Drive SE, Bellevue, WA 98006",5170 Village Park Drive SE,Bellevue,WA,98006,,,2,False,False,True,outdoor,City of Bellevue Parks & Community Services,First come first serve; tennis reservations via Robinswood Tennis Center,(425) 452-6885,,,,Call 425-452-7690 to make a reservation starting at 8:30 a.m.; reservations may be made up to six days in advance.,,public_park,active
98,Norwood Village Park,"12309 SE 23rd Pl, Bellevue, WA 98005",12309 SE 23rd Pl,Bellevue,WA,98005,,,2,False,False,True,outdoor,City of Bellevue Parks & Community Services,First come first serve; tennis reservations via Robinswood Tennis Center,(425) 452-6885,,,,Call 425-452-7690 to make a reservation starting at 8:30 a.m.; reservations may be made up to six days in advance.,,public_park,active
99,Silverleaf Park,"4900 block of 164th Ave. SE, Bellevue, WA 98007",4900 block of 164th Ave. SE,Bellevue,WA,98007,,,2,False,False,False,outdoor,City of Bellevue Parks & Community Services,First come first serve; tennis reservations via Robinswood Tennis Center,(425) 452-6885,,,,Call 425-452-7690 to make a reservation starting at 8:30 a.m.; reservations may be made up to six days in advance.,,public_park,active
100,Spiritridge Park,"16100 SE 33rd Pl, Bellevue, WA 98008",16100 SE 33rd Pl,Bellevue,WA,98008,,,1,False,False,True,outdoor,City of Bellevue Parks & Community Services,First come first serve; tennis reservations via Robinswood Tennis Center,(425) 452-6885,,,,Call 425-452-7690 to make a reservation starting at 8:30 a.m.; reservations may be made up to six days in advance.,,public_park,active
101,Sunset Park,"2837 139th Ave. SE, Bellevue, WA 98005",2837 139th Ave. SE,Bellevue,WA,98005,,,1,False,False,False,outdoor,City of Bellevue Parks & Community Services,First come first serve; tennis reservations via Robinswood Tennis Center,(425) 452-6885,,,,Call 425-452-7690 to make a reservation starting at 8:30 a.m.; reservations may be made up to six days in advance.,,public_park,active
102,Westwood Highlands Park,"5501 136th Pl. SE, Bellevue, WA 98006",5501 136th Pl. SE,Bellevue,WA,98006,,,1,False,False,False,outdoor,City of Bellevue Parks & Community Services,First come first serve; tennis reservations via Robinswood Tennis Center,(425) 452-6885,,,,Call 425-452-7690 to make a reservation starting at 8:30 a.m.; reservations may be made up to six days in advance.,,public_park,active
103,Zumdieck Park,"1500 108th Ave. NE, Bellevue, WA 98004",1500 108th Ave. NE,Bellevue,WA,98004,,,2,False,False,False,outdoor,City of Bellevue Parks & Community Services,First come first serve; tennis reservations via Robinswood Tennis Center,(425) 452-6885,,,,"first come, first serve",,public_park,active
104,Highland Middle School Tennis Courts,"15027 NE Bel Red Rd, Bellevue, WA 98007",15027 NE Bel Red Rd,Bellevue,WA,98007,,,4,False,False,False,outdoor,School,,,,,,,,school,active
105,Aubrey Davis Park Tennis Courts,"7000-7088 SE 22nd St, Mercer Island, WA 98040",7000-7088 SE 22nd St,Mercer Island,WA,98040,,,4,False,False,False,outdoor,City of Mercer Island Parks & Recreation,Reserve through Mercer Island Parks,206-275-7609,https://www.mercerisland.gov/parks  (use Mercer Island PerfectMind for reservations; court-level URLs in Court-Level Booking column),"Court Group 1 (2 courts): https://cityofmercerisland.perfectmind.com/23494/Clients/BookMe4LandingPages/Facility?facilityId=3d873f88-44df-4e2e-a4fa-6ca8afeb9569&widgetId=6c911909-ec56-42f8-a314-55842ff7a24c&calendarId=17223e3e-eff3-4634-9a7b-47c3d69c63bc&arrivalDate=2026-05-10T07:13:13.733Z&landingPageBackUrl=https%3A%2F%2Fcityofmercerisland.perfectmind.com%2F23494%2FClients%2FBookMe4FacilityList%2FList%3FwidgetId%3D6c911909-ec56-42f8-a314-55842ff7a24c%26calendarId%3D17223e3e-eff3-4634-9a7b-47c3d69c63bc
Court Group 2 (2 courts): https://cityofmercerisland.perfectmind.com/23494/Clients/BookMe4LandingPages/Facility?facilityId=46b338fa-a72e-4dad-b1e8-4f63bc093aaf&widgetId=6c911909-ec56-42f8-a314-55842ff7a24c&calendarId=17223e3e-eff3-4634-9a7b-47c3d69c63bc&arrivalDate=2026-05-10T07:15:35.887Z&landingPageBackUrl=https%3A%2F%2Fcityofmercerisland.perfectmind.com%2F23494%2FClients%2FBookMe4FacilityList%2FList%3FwidgetId%3D6c911909-ec56-42f8-a314-55842ff7a24c%26calendarId%3D17223e3e-eff3-4634-9a7b-47c3d69c63bc",Everyday 06:00 AM - 10:00 PM,,Park has 4 tennis courts split into 2 separately-bookable groups of 2,public_park,active
106,Homestead Tennis Courts,"8100 SE 40th St, Mercer Island, WA 98040",8100 SE 40th St,Mercer Island,WA,98040,,,4,False,False,False,outdoor,City of Mercer Island Parks & Recreation,Reserve through Mercer Island Parks,206-275-7609,https://www.mercerisland.gov/parks (use Mercer Island PerfectMind for reservations),"Court 1: https://cityofmercerisland.perfectmind.com/23494/Clients/BookMe4LandingPages/Facility?facilityId=bb777024-3d7e-4d2d-8ec8-f30bf3d6a590&widgetId=6c911909-ec56-42f8-a314-55842ff7a24c&calendarId=17223e3e-eff3-4634-9a7b-47c3d69c63bc&arrivalDate=2026-05-10T15:55:30.083Z&landingPageBackUrl=https%3A%2F%2Fcityofmercerisland.perfectmind.com%2F23494%2FClients%2FBookMe4FacilityList%2FList%3FwidgetId%3D6c911909-ec56-42f8-a314-55842ff7a24c%26calendarId%3D17223e3e-eff3-4634-9a7b-47c3d69c63bc
Court 2: https://cityofmercerisland.perfectmind.com/23494/Clients/BookMe4LandingPages/Facility?facilityId=bb777024-3d7e-4d2d-8ec8-f30bf3d6a590&widgetId=6c911909-ec56-42f8-a314-55842ff7a24c&calendarId=17223e3e-eff3-4634-9a7b-47c3d69c63bc&arrivalDate=2026-05-10T15:55:30.083Z&landingPageBackUrl=https%3A%2F%2Fcityofmercerisland.perfectmind.com%2F23494%2FClients%2FBookMe4FacilityList%2FList%3FwidgetId%3D6c911909-ec56-42f8-a314-55842ff7a24c%26calendarId%3D17223e3e-eff3-4634-9a7b-47c3d69c63bc
(NOTE: both URLs appear identical — verify each court has a distinct booking URL)",Everyday 06:00 AM - 10:00 PM,,"Park has 4 tennis courts. Mercer Island booking system (PerfectMind), not Seattle ActiveNet. | ⚠️ Court-Level Booking field has duplicated URLs; verify whether Mercer Island books Homestead by individual court, pair, or facility.",public_park,active
107,Mercer Island Country Club,"8700 SE 71st St, Mercer Island, WA 98040",8700 SE 71st St,Mercer Island,WA,98040,,,15,True,False,False,both,Club,Membership required,(206) 232-5600,https://www.mercerislandcc.com/login.aspx,,Mon - Fri: 5:30 AM–10 PM; Sat & Sun: 6:45 AM–10 PM,Mercer Island Country Club has a total of 15 tennis courts. This includes 7 indoor courts and 8 outdoor courts.,,private_club,active
108,Mercerwood Shore Club,"4150 E Mercer Way, Mercer Island, WA 98040",4150 E Mercer Way,Mercer Island,WA,98040,,,4,True,False,False,outdoor,Club,Membership required,(206) 232-1622,http://www.mercerwood.com/,,Everyday 5 AM–10 PM,"Mercerwood Shore Club has 4 tennis courts. Mercerwood Shore Club is a waterfront private club on Mercer Island that offers tennis, swimming, fitness, and beach amenities for families and members.",,private_club,active
109,Mercer Island Beach Club,"8326 Avalon Dr, Mercer Island, WA 98040",8326 Avalon Dr,Mercer Island,WA,98040,,,5,False,False,False,outdoor,Club,Membership required,(206) 232-3125,http://www.mibeachclub.com/,,Mon - Fri: 5:30 AM–9:30 PM; Sat & Sun: 7 AM–9:30 PM,The club’s official amenities page lists an outdoor tennis facility with 5 courts and a separate outdoor pickleball facility with 3 courts (plus 4 striped areas).,,private_club,active
110,Island Crest Park Tennis Courts,"5500 Island Crest Way, Mercer Island, WA 98040",5500 Island Crest Way,Mercer Island,WA,98040,,,2,True,False,False,outdoor,City of Mercer Island Parks & Recreation,First come first serve,206-275-7609,,,,"Island Crest Park has 2 tennis courts. These are outdoor courts with lights, available on a first-come, first-served basis.",,public_park,active
111,Chinook Middle School Tennis Court,"2001 98th Ave NE, Bellevue, WA 98004",2001 98th Ave NE,Bellevue,WA,98004,,,2,False,False,False,outdoor,School,,(425) 456-6300,,,,,"Per NCES/BSD official: located in Bellevue (98004), not Clyde Hill. Per Tennis-Seattle: 2 courts, 0 lighted. Field-verify court count if accuracy matters.",school,active
112,Hillwood Park,"18917 3rd Ave NW, Shoreline, WA 98177",18917 3rd Ave NW,Shoreline,WA,98177,,,2,False,False,True,outdoor,City of Shoreline,First come first serve,(206) 801-2333,,,,Multi-Sport Court (2) Tennis Courts and (4) Pickleball Courts. Available for drop-in use when not scheduled for City or School District program,,public_park,active
113,Meridian Park Elementary,"17077 Meridian Ave N Shoreline, WA 98133",,,,,,,2,False,False,True,outdoor,City of Shoreline,First come first serve,(206) 801-2333,,,,Not available when school activities are scheduled.,Shoreline: 2 tennis courts + 4 pickleball courts. Merged from duplicate row.,public_park,active
114,Richmond Beach Community Park,"2201 NW 197th Street, Shoreline, WA 98177",2201 NW 197th Street,Shoreline,WA,98177,,,2,False,False,False,outdoor,City of Shoreline,First come first serve,(206) 801-2333,,,,Available for drop-in use when not scheduled for a City program,,public_park,active
115,Shoreline Park,"19030 1st Avenue NE, Shoreline, WA 98155",19030 1st Avenue NE,Shoreline,WA,98155,,,2,True,False,True,outdoor,City of Shoreline,First come first serve,(206) 801-2333,,,Everyday 7 AM–10:30 PM,"(2) Tennis Courts, (12) Pickleball Courts. Court #1 and #2 (Tennis Priority). Lighted courts available for drop-in use from 8:00am to 10:00pm",,public_park,active
116,Shoreview Park,"900 NW Innis Arden Way, Shoreline, WA 98177",900 NW Innis Arden Way,Shoreline,WA,98177,,,4,False,False,True,outdoor,City of Shoreline,,(206) 801-2333,https://anc.apm.activecommunities.com/shorelinewa/reservation/landing/search?eventTypeIds=22,,,"(4) Tennis Courts, (6) Pickleball Courts. 2 courts (court #3 & #4) are available for rentals from 8:00 am -12:00 pm daily, and after 6:00 pm on weeknights",,public_park,active
117,Shorewood High School Tennis Courts,"17300 Fremont Ave N, Shoreline, WA 98133",17300 Fremont Ave N,Shoreline,WA,98133,,,6,True,False,False,outdoor,School,First come first serve,(206) 393-4372,,,,"Non-Reservable, may have school usage restrictions",,school,active
118,Twin Ponds Park,"15401 1st Ave NE, Shoreline, WA 98155",15401 1st Ave NE,Shoreline,WA,98155,,,1,False,False,True,outdoor,City of Shoreline,First come first serve,(206) 801-2600,,,,Non-Reservable,Shoreline: 1 tennis court + 2 pickleball courts. Merged from duplicate row.,public_park,active
119,Ballinger Commons Tennis Court,"2405 N 202nd Pl, Shoreline, WA 98133",2405 N 202nd Pl,Shoreline,WA,98133,,,1,False,False,False,outdoor,Apartments owned,First come first serve,,,,,Non-Reservable,,public_park,active
120,Scriber Lake High School,"23200 100th Ave W, Edmonds, WA 98020",23200 100th Ave W,Edmonds,WA,98020,,,4,False,False,False,outdoor,School,First come first serve,(425) 431-7270,,,,"Non-Reservable, may have school usage restrictions","⚠️ Court count and current public access not officially confirmed — supported mainly by third-party tennis listings. Scriber Lake describes athletics participation through neighborhood high schools, so verify active on-site tennis use.",school,active
121,Ballinger Point Tennis Court,"23001 Lakeview Dr, Mountlake Terrace, WA 98043",23001 Lakeview Dr,Mountlake Terrace,WA,98043,,,1,False,False,False,outdoor,Apartments owned,First come first serve,,,,,Non-Reservable,,public_park,active
122,Taluswood Tennis courts,"Building R, 4214 236th St SW, Mountlake Terrace, WA 98043","Building R, 4214 236th St SW",Mountlake Terrace,WA,98043,,,2,False,False,False,outdoor,Apartments owned,First come first serve,,,,,Non-Reservable,,public_park,active
123,Edmonds-Woodway High School,"7600 212th St SW, Edmonds, WA 98026",7600 212th St SW,Edmonds,WA,98026,,,6,False,False,False,outdoor,School,First come first serve,,,,,"Non-Reservable, may have school usage restrictions",,school,active
124,Yost Park Tennis and Pickleball Courts,"9535 Bowdoin Way, Edmonds, WA 98020",9535 Bowdoin Way,Edmonds,WA,98020,,,2,False,False,True,outdoor,"City of Edmonds Parks, Recreation and Human Services",First come first serve,,,,,Non-Reservable,,public_park,active
125,Civic Center Playfield Tennis court,"310 6th Ave N, Edmonds, WA 98020",310 6th Ave N,Edmonds,WA,98020,,,2,False,False,True,outdoor,"City of Edmonds Parks, Recreation and Human Services",First come first serve,,,,,Non-Reservable,Per City of Edmonds athletics page + RCO project: Civic Center Playfield has tennis/pickleball courts. Court count of 2 from prior data — public sources confirm tennis/PB use but don't clearly state count; verify if precision matters.,public_park,active
126,South Lynnwood Park Pickleball and Tennis Courts,"20915 61st Ave W, Lynnwood, WA 98036",20915 61st Ave W,Lynnwood,WA,98036,,,2,False,False,True,outdoor,"City of Lynnwood Parks, Recreation and Cultural Arts",First come first serve,,,,,Non-Reservable,,public_park,active
127,Northern Lights Tennis Court,"4402 212th St SW, Mountlake Terrace, WA 98043",4402 212th St SW,Mountlake Terrace,WA,98043,,,1,False,False,False,outdoor,Apartments owned,First come first serve,,,,,Non-Reservable,,public_park,active
128,Mountlake Terrace High School Tennis Courts,"21801 44th Ave W, Mountlake Terrace, WA 98043",21801 44th Ave W,Mountlake Terrace,WA,98043,,,5,True,False,False,outdoor,School,First come first serve,,,,,,,school,active
129,Meadowdale High School Tennis Courts,"6002 168th St SW, Lynnwood, WA 98037",6002 168th St SW,Lynnwood,WA,98037,,,5,False,False,False,outdoor,School,First come first serve,(425) 431-7650,,,,"Non-Reservable, may have school usage restrictions",Address corrected per official Meadowdale HS / NCES. ⚠️ Court count 5 vs 6 conflict between tennis directories — field-verify.,school,active
130,Pioneer Park Tennis Court,"18400 36th Ave W, Lynnwood, WA 98037",18400 36th Ave W,Lynnwood,WA,98037,,,2,False,False,False,outdoor,"City of Lynnwood Parks, Recreation and Cultural Arts",First come first serve,(425) 670-5732,,,,,,public_park,active
131,Lynnwood High School Tennis Courts,"18218 North Rd, Bothell, WA 98012",18218 North Rd,Bothell,WA,98012,,,5,True,False,False,outdoor,School,First come first serve,,,,,"Non-Reservable, may have school usage restrictions",,school,active
132,Kamiakin Middle School Tennis Courts,"14111 132nd Ave NE, Kirkland, WA 98034",14111 132nd Ave NE,Kirkland,WA,98034,,,4,False,False,False,outdoor,Lake Washington School District,First come first serve,(425) 936-2400,,,,"Non-Reservable, may have school usage restrictions",,school,active
133,Highland Park Playground,"1100 SW Cloverdale St, Seattle, WA 98106",1100 SW Cloverdale St,Seattle,WA,98106,,,1,False,False,False,outdoor,Seattle Parks & Recreation,,(206) 684-4082,,,,Single tennis court in the southwest corner of the park.,,public_park,active
134,Blue Ridge Tennis Courts,"2601 NW Esplanade, Seattle, WA 98117",2601 NW Esplanade,Seattle,WA,98117,,,2,False,False,False,outdoor,HOA/Private,Members & lesson registrants only,,https://blueridgeseattle.com/pool-tennis,,,Two well-maintained hard-surface courts. Private — HOA members and guests; non-residents may register for lessons.,,hoa_community,active
135,Grass Lawn Park Tennis Courts,"7031 148th Ave NE, Redmond, WA 98052",7031 148th Ave NE,Redmond,WA,98052,,,6,True,True,False,outdoor,City of Redmond,First come first serve,(425) 556-2311,,,Dawn to Dusk,Six lighted tennis courts at Redmond's 28.5-acre community park. Drop-in; City programs have first priority; 1-hour max when others are waiting.,,public_park,active
136,Hartman Park Pickleball and Tennis Courts,"17300 NE 104th St, Redmond, WA 98052",17300 NE 104th St,Redmond,WA,98052,,,2,False,False,True,outdoor,City of Redmond,First come first serve,(425) 556-2311,,,Dawn to Dusk,Tennis courts at this Redmond community park.,,public_park,active
137,Perrigo Park Tennis and Pickleball Courts,"9011 196th Ave NE, Redmond, WA 98053",9011 196th Ave NE,Redmond,WA,98053,,,3,True,False,True,outdoor,City of Redmond,First come first serve,(425) 556-2311,,,Dawn to Dusk,Tennis courts at Perrigo Park.,3 lighted tennis/pickleball courts (per City of Redmond official). Court 3 contains 4 pickleball courts.,public_park,active
138,Reservoir Park Tennis Court,"16317 NE 95th St, Redmond, WA 98052",16317 NE 95th St,Redmond,WA,98052,,,3,False,False,False,outdoor,City of Redmond,First come first serve,(425) 556-2311,,,Dawn to Dusk,Three tennis courts at Reservoir Park (Redmond).,"CLOSED for construction since July 2025 (per City of Redmond). Park has 3 tennis courts when reopened. | Post-construction note: Redmond says replacement sport court will include markings for tennis, pickleball, AND basketball. Recheck Pickleball Lined status when courts reopen.",public_park,temporarily_closed
139,Marymoor Tennis Courts,"6055 East Lake Sammamish Trail, Redmond, WA 98052",6055 East Lake Sammamish Trail,Redmond,WA,98052,,,4,True,False,False,outdoor,King County Parks,First come first serve,(206) 477-7275,,,Dawn to Dusk,Tennis courts at the 640-acre King County regional park. Drop-in use.,,public_park,active
140,Redmond Middle School Tennis Courts,"10055 166th Ave NE, Redmond, WA 98052",10055 166th Ave NE,Redmond,WA,98052,,,6,False,False,True,outdoor,School,"No membership required, first come first play",,,,,6 tennis courts on the school campus. Public use outside school hours; not reservable.,Lake Washington School District | Per Redmond pickleball page: 6 tennis/pickleball courts with LWSD/City priority access.,school,active
141,Redmond High School Tennis Courts,"17272 NE 104th St, Redmond, WA 98052",17272 NE 104th St,Redmond,WA,98052,,,6,False,False,False,outdoor,School,"No membership required, first come first play",,,,,Tennis courts at Redmond High School. Public use outside school hours; not reservable.,"Court count 8→6 per multiple court directories (TennisRound, etc.). Verify on-site if accuracy matters.",school,active
142,Redmond Ridge East Tennis Court,"Redmond Ridge East Tennis Court, 22815 NE Alder Crest Dr, Redmond, WA 98053","Redmond Ridge East Tennis Court, 22815 NE Alder Crest Dr",Redmond,WA,98053,,,1,False,False,False,outdoor,HOA/Private,First come first serve,,,,,,Address was malformed (venue name duplicated). Replaced with best-guess street address; verify on map.,hoa_community,active
143,Rose Hill Middle School Tennis and Pickleball Courts,"13505 NE 75th St, Redmond, WA 98052",13505 NE 75th St,Redmond,WA,98052,,,4,False,False,True,outdoor,School,First come first serve,,,,,Tennis courts on school campus. Public use outside school hours; not reservable.,Per Redmond pickleball page: 4 tennis/pickleball courts at Rose Hill Middle School.,school,active
144,Nintendo of America - Tennis Court,"4600 150th Ave NE, Redmond, WA 98052",4600 150th Ave NE,Redmond,WA,98052,,,1,True,False,True,outdoor,Corporate/Private (Nintendo of America),Nintendo employees and guests only,,,,,,Corporate court at Nintendo of America HQ — restricted to employees and guests.,public_park,active
145,Woodside East Tennis Court,"1505 164th Ave NE, Bellevue, WA 98008",1505 164th Ave NE,Bellevue,WA,98008,,,1,False,False,False,outdoor,Apartments Owned,First come first serve,,,,,,,public_park,active
146,Hunts Point Tennis Courts,"Points Loop Trail, Hunts Point, WA 98004",Points Loop Trail,Hunts Point,WA,98004,,,2,False,False,False,outdoor,Town of Hunts Point / HOA-Private,Hunts Point residents only,,,,,,"Private residential town — courts restricted to Hunts Point residents/guests, not publicly accessible.",hoa_community,active
147,Tennis at PRO Club,"Tennis Dept, 4455 148th Ave NE, Bellevue, WA 98007","Tennis Dept, 4455 148th Ave NE",Bellevue,WA,98007,,,6,True,False,False,indoor,Club,Membership required to book,(425) 885-5566,https://www.proclub.com/club/fitness-and-sports/tennis#court-schedule,,Mon - Fri: 5AM - 11PM; SAT & SUN: 7AM - 10PM,,,private_club,active
148,Juanita Beach Park,"9703 Juanita Dr NE, Kirkland, WA 98034",9703 Juanita Dr NE,Kirkland,WA,98034,,,2,True,False,False,outdoor,City of Kirkland,First come first serve,(425) 587-3300,,,,Two lighted tennis courts.,,public_park,active
149,Forbes Creek Park Tennis Courts,"11615 NE 106th Ln, Kirkland, WA 98033",11615 NE 106th Ln,Kirkland,WA,98033,,,2,False,False,False,outdoor,City of Kirkland,First come first serve,(425) 587-3300,,,,The tennis courts are available for drop in use.,,public_park,active
150,Juanita High School,"10601 NE 132nd St, Kirkland, WA 98034",10601 NE 132nd St,Kirkland,WA,98034,,,6,True,False,False,outdoor,School,"No membership required, first come first play",(425) 936-1600,,,,Six lighted tennis courts.,Lake Washington SD,school,active
151,Lake Washington High School,"12033 NE 80th St, Kirkland, WA 98033",12033 NE 80th St,Kirkland,WA,98033,,,6,False,False,False,outdoor,School,"No membership required, first come first play",(425) 936-1700,,,,Six tennis courts.,,school,active
152,Kirkland Middle School Tennis Courts,"1838 4th St, Kirkland, WA 98033",1838 4th St,Kirkland,WA,98033,,,4,False,False,False,outdoor,School,"No membership required, first come first play",(425) 936-1700,,,,Four tennis courts.,,school,active
153,Finn Hill Middle School,"8040 NE 132nd St, Kirkland, WA 98034",8040 NE 132nd St,Kirkland,WA,98034,,,4,False,False,False,outdoor,School,"No membership required, first come first play",,,,,Tennis courts on school campus.,,school,active
154,Northwest University Tennis Courts,"5520 108th Ave NE, Kirkland, WA 98033",5520 108th Ave NE,Kirkland,WA,98033,,,2,False,False,False,outdoor,School,First come first serve,,,,,Two courts on the Northwest University campus.,Private university,college,active
155,Heritage Park Tennis Courts,"111 Waverly Way, Kirkland, WA 98033",111 Waverly Way,Kirkland,WA,98033,,,2,False,False,False,outdoor,City of Kirkland,First come first serve,(425) 587-3300,,,,,,public_park,active
156,Central Park Multi-Use Courts,"Issaquah Highlands Tennis Courts, 1907 NE Park Dr, Issaquah, WA 98029","Issaquah Highlands Tennis Courts, 1907 NE Park Dr",Issaquah,WA,98029,,,2,False,False,True,outdoor,City of Issaquah,First come first serve,(425) 837-3300,https://www.issaquahwa.gov/3287/Pickleball-Tennis-Courts,,Dawn - Dusk,Tennis courts with pickleball lines.,Renamed from 'Issaquah Highlands Park' per City of Issaquah official naming.,public_park,active
157,Klahanie Mountainview Tennis (HOA),"4280 Klahanie Dr. SE, Issaquah, WA 98029",4280 Klahanie Dr. SE,Issaquah,WA,98029,,,2,True,False,True,outdoor,HOA/Private (Klahanie Homeowners Association),Klahanie HOA members and guests only,Klahanie HOA (use HOA contact),,,,First come basis. Only for Klahanie residents.,"Mountainview facility has 2 tennis courts. Klahanie HOA total tennis inventory is 5 courts across 3 facilities: Summit (1), Lakeside (2), Mountainview (2). All HOA members only.",hoa_community,active
158,Meerwood Park Tennis Court,"4703 192nd Ave SE, Issaquah, WA 98027",4703 192nd Ave SE,Issaquah,WA,98027,,,1,False,False,False,outdoor,City of Issaquah,First come first serve,(425) 837-3300,,,Dawn - Dusk,Tennis courts at this neighborhood park.,,public_park,active
159,Black Nugget Park Tennis Court,"2423 NE Kyle Ct, Issaquah, WA 98029",2423 NE Kyle Ct,Issaquah,WA,98029,,,2,False,False,False,outdoor,City of Issaquah,First come first serve,(425) 837-3300,,,Dawn - Dusk,,,public_park,active
160,Tibbetts Valley Park Pickleball & Tennis Courts,"965 12th Ave NW, Issaquah, WA 98027",965 12th Ave NW,Issaquah,WA,98027,,,4,False,False,True,outdoor,City of Issaquah,First come first serve,(425) 837-3300,,,Dawn - Dusk,"1 dedicated tennis court + 3 multi-use tennis/pickleball courts (with 6 sets of pickleball lines), per City of Issaquah.",,public_park,active
161,East Sammamish Park Tennis and Pickleball Courts,"21300 NE 16th St, Sammamish, WA 98074",21300 NE 16th St,Sammamish,WA,98074,,,2,False,False,True,outdoor,City of Sammamish,First come first serve,(425) 295-0585,,,6:30am-Dusk (Apr-Sep); 7:30am-Dusk (Oct-Mar),Two tennis courts with painted pickleball lines. No lights — daytime play only.,,public_park,active
162,Trossachs Community Park,"Trossachs Blvd SE, Sammamish, WA 98075",Trossachs Blvd SE,Sammamish,WA,98075,,,1,False,False,False,outdoor,HOA/Private (Trossachs HOA),Trossachs residents only,,,,,,⚠️ HOA community court; details not verified from official source. Confirm with HOA before publishing.,hoa_community,active
163,Northeast Sammamish Park Tennis Courts,"21210 NE 36th St, Sammamish, WA 98074",21210 NE 36th St,Sammamish,WA,98074,,,2,False,False,False,outdoor,City of Sammamish,First come first serve,,,,,,,public_park,active
164,Eastlake High School,"400 228th Ave NE, Sammamish, WA 98074",400 228th Ave NE,Sammamish,WA,98074,,,8,False,False,False,outdoor,School,"No membership required, first come first play",,,,,Eight tennis courts on the high school campus.,,school,active
165,Sammamish Bluffs Tennis Court,"4641 W Lake Sammamish Pkwy SE, Issaquah, WA 98027",4641 W Lake Sammamish Pkwy SE,Issaquah,WA,98027,,,1,False,False,False,outdoor,Apartments Owned,First come first serve,,,,,,,public_park,active
166,Valley Memorial Park Tennis Courts,"3810 Stossel Ave, Carnation, WA 98014",3810 Stossel Ave,Carnation,WA,98014,,,2,False,False,True,outdoor,City of Carnation,,(425) 333-4192,,,,,Per City of Carnation: 2 tennis/pickleball multi-use courts. Reservation/event sources also reference 31999 E Blanche St as a court access/GPS pin.,public_park,active
167,Hampton Woods Tennis Court,"Hampton Woods Park, 4001 244th Pl SE, Sammamish, WA 98029","Hampton Woods Park, 4001 244th Pl SE",Sammamish,WA,98029,,,1,False,False,True,outdoor,HOA/Private (Hampton Woods HOA),Hampton Woods residents and guests only,,,,,,"Original address used lat/long (47.629064, -122.045888 Sammamish, Washington; https://maps.a...). Replaced with nearest street address; verify on map. | Per Hampton Woods HOA: residents-only community park with tennis court and pickleball.",hoa_community,active
168,Henry M. Jackson High School,"1508 136th St SE, Mill Creek, WA 98012",1508 136th St SE,Mill Creek,WA,98012,,,8,True,False,False,outdoor,School,"No membership required, first come first play",,,,,"Eight lighted tennis courts. Mill Creek address, commonly referenced as Bothell.",,school,active
169,Inglemoor High School,"15500 Simonds Rd NE, Kenmore, WA 98028",15500 Simonds Rd NE,Kenmore,WA,98028,,,6,False,False,False,outdoor,School,"No membership required, first come first play",,,,,Tennis courts on Inglemoor HS campus.,"Northshore SD | Courts # updated from 4 to 6 per multiple tennis directories (Tennis-Seattle, Bounce.game). NSD has no public court-count page; field-verify if precision matters.",school,active
170,Bothell High School,"9130 NE 180th St, Bothell, WA 98011",9130 NE 180th St,Bothell,WA,98011,,,6,False,False,False,outdoor,School,"No membership required, first come first play",,,,,Tennis courts on Bothell HS campus.,"Courts # updated from 4 to 6 per multiple tennis directories (TennisRound, Tennis-Seattle). NSD has no public court-count page; field-verify if precision matters.",school,active
171,Northshore Middle School,"12101 NE 160th St, Bothell, WA 98011",12101 NE 160th St,Bothell,WA,98011,,,4,False,False,False,outdoor,School,"No membership required, first come first play",,,,,Tennis courts on the middle school campus.,,school,active
172,Canyon Park Middle School,"23723 23rd Ave SE, Bothell, WA 98021",23723 23rd Ave SE,Bothell,WA,98021,,,4,False,False,False,outdoor,School,"No membership required, first come first play",,,,,Tennis courts on the middle school campus.,,school,active
173,Skyview Middle School,"21404 35th Ave SE, Bothell, WA 98021",21404 35th Ave SE,Bothell,WA,98021,,,4,True,False,False,outdoor,School,"No membership required, first come first play",,,,,Four lighted tennis courts on the middle school campus.,,school,active
174,Woodinville High School,"19727 136th Ave NE, Woodinville, WA 98072",19727 136th Ave NE,Woodinville,WA,98072,,,6,True,False,False,outdoor,School,"No membership required, first come first play",,,,,Six lighted tennis courts.,Northshore SD,school,active
175,Timbercrest Middle School,"21400 NE 196th St, Woodinville, WA 98077",21400 NE 196th St,Woodinville,WA,98077,,,4,False,True,False,outdoor,School,"No membership required, first come first play",,,,,Four tennis courts with a hitting wall.,,school,active
176,Mercer Island High School,"9100 SE 42nd St, Mercer Island, WA 98040",9100 SE 42nd St,Mercer Island,WA,98040,,,6,False,False,False,outdoor,School,"No membership required, first come first play",(206) 236-3359,,,,Six tennis courts on the Mercer Island HS campus. Not lighted.,,school,active
177,Liberty Park,"1101 Bronson Way N, Renton, WA 98057",1101 Bronson Way N,Renton,WA,98057,,,2,False,False,False,outdoor,City of Renton,First come first serve,(425) 430-6700,,,,Tennis courts in this central Renton park near the Cedar River.,Originally 3 tennis courts; 1 was converted to 2 pickleball courts per Renton official. 2 tennis courts remain playable today.,public_park,active
178,Hazen High School,"1101 Hoquiam Ave NE, Renton, WA 98059",1101 Hoquiam Ave NE,Renton,WA,98059,,,6,False,False,False,outdoor,School,"No membership required, first come first play",,,,,Tennis courts on Hazen HS campus.,⚠️ Court count NOT verified — sources conflict (4 vs 6). Confirm with district or on-site before publishing.,school,active
179,Green Lake Park East,"7201 E Green Lake Dr N, Seattle, WA 98115",7201 E Green Lake Dr N,Seattle,WA,98115,,,3,False,False,True,outdoor,Seattle Parks & Recreation,Reserve through Seattle Parks,(206) 684-4076,https://anc.apm.activecommunities.com/seattle/reservation/search?keyword=green%20lake%20park%20east,,,Green Lake East has 3 tennis courts that are also a major pickleball site; tennis is allowed when not pickleball-reserved.,Per Seattle Parks: officially listed as 3 tennis courts. Per Green Lake Pickleball community: heavily used for pickleball but tennis remains valid use. | ⚠️ WATCHLIST: Seattle's 2024 Pickleball/Tennis Vision and 2025 racquet-sports open-play pilot announce Green Lake East as a dedicated pickleball hub. Tennis remains valid use today but status may shift; recheck Seattle Parks dashboard quarterly.,public_park,active
180,Kent Memorial Park,"850 N Central Ave, Kent, WA 98032",850 N Central Ave,Kent,WA,98032,,,2,False,False,True,outdoor,City of Kent,First come first serve,(253) 856-5100,,,Dawn to Dusk,Tennis/pickleball courts at a popular Kent park.,,public_park,active
181,West Fenwick Park,"3808 Reith Rd, Kent, WA 98032",3808 Reith Rd,Kent,WA,98032,,,2,True,False,True,outdoor,City of Kent,First come first serve,(253) 856-5100,,,Dawn to Dusk,Tennis courts at this 22-acre Kent community park.,,public_park,active
182,Turnkey Park,"23312 100th Ave SE, Kent, WA 98031",23312 100th Ave SE,Kent,WA,98031,,,2,False,False,False,outdoor,City of Kent,First come first serve,(253) 856-5100,,,,Tennis courts at neighborhood park near the Talbot Hill reservoir.,Kent neighborhood park with 2 tennis courts. (Was incorrectly conflated with Talbot Hill Reservoir Park in Renton.),public_park,active
183,Talbot Hill Reservoir Park,"1900 Talbot Rd S, Renton, WA 98055",1900 Talbot Rd S,Renton,WA,98055,,,2,False,True,True,outdoor,City of Renton,First come first serve,(425) 430-6700,,,Dawn to Dusk,Renton city park with tennis/pickleball courts. Reopened after renovation.,Was incorrectly merged with Turnkey Park (Kent) in earlier versions. | Per VisitRenton: park has practice bang-board (hitting wall); site reopened after resurfacing/repainting for tennis and pickleball; includes 3 pickleball courts.,public_park,active
184,Olympic View Swim and Tennis Club,"11201 SE 256th St, Kent, WA 98030",11201 SE 256th St,Kent,WA,98030,,,4,False,False,False,outdoor,Club,Membership required,,,,,Private swim and tennis club. Membership required.,Verify court count,private_club,active
185,Game Farm Park,"3030 R St SE, Auburn, WA 98002",3030 R St SE,Auburn,WA,98002,,,4,False,False,True,outdoor,City of Auburn,First come first serve,(253) 931-3043,,,Dawn to Dusk,"Tennis courts available first-come, first-served.","4 tennis courts plus basketball and pickleball courts at venue, per Auburn official sources. Pickleball Lined = Yes reflects venue-level pickleball. Tennis-surface PB striping (vs. dedicated PB courts) should be field-verified if that distinction matters.",public_park,active
186,Lea Hill Tennis Courts,"32121 105th Pl SE, Auburn, WA 98092",32121 105th Pl SE,Auburn,WA,98092,,,2,False,False,False,outdoor,City of Auburn,First come first serve,(253) 931-3043,,,Dawn to Dusk,Tennis courts located on top of a City of Auburn water reservoir.,,public_park,active
187,Auburn High School,"711 E Main St, Auburn, WA 98002",711 E Main St,Auburn,WA,98002,,,6,False,False,False,outdoor,School,"No membership required, first come first play",(253) 931-4880,,,,Tennis courts on Auburn HS campus.,Auburn School District,school,active
188,Auburn Riverside High School,"501 Oravetz Rd SE, Auburn, WA 98092",501 Oravetz Rd SE,Auburn,WA,98092,,,6,False,False,False,outdoor,School,"No membership required, first come first play",(253) 931-4940,,,,Tennis courts on Auburn Riverside HS campus.,,school,active
189,Auburn Mountainview High School,"28900 124th Ave SE, Auburn, WA 98092",28900 124th Ave SE,Auburn,WA,98092,,,6,False,False,False,outdoor,School,"No membership required, first come first play",(253) 939-4942,,,,Tennis courts on Auburn Mountainview HS campus.,,school,active
190,Green River College,"12401 SE 320th St, Auburn, WA 98092",12401 SE 320th St,Auburn,WA,98092,,,6,False,False,False,outdoor,School,First come first serve when not in use by college,(253) 833-9111,,,,Tennis courts on the Green River College campus.,Community college,college,active
191,Saghalie Park,"33914 19th Ave SW, Federal Way, WA 98023",33914 19th Ave SW,Federal Way,WA,98023,,,4,True,False,True,outdoor,City of Federal Way,First come first serve,(253) 835-6900,,,Dawn to Dusk,Four lighted tennis courts with pickleball overlay at 16.4-acre community park.,,public_park,active
192,Sacajawea Park,"1401 S Dash Point Rd, Federal Way, WA 98003",1401 S Dash Point Rd,Federal Way,WA,98003,,,2,True,False,False,outdoor,City of Federal Way,First come first serve,(253) 835-6900,,,Dawn to Dusk,Two lighted tennis courts at 18-acre community park.,,public_park,active
193,Federal Way High School,"30611 16th Ave S, Federal Way, WA 98003",30611 16th Ave S,Federal Way,WA,98003,,,6,False,False,False,outdoor,School,"No membership required, first come first play",(253) 945-5400,,,,Tennis courts on Federal Way HS campus.,Federal Way Public Schools,school,active
194,Decatur High School,"2800 SW 320th St, Federal Way, WA 98023",2800 SW 320th St,Federal Way,WA,98023,,,6,False,False,False,outdoor,School,"No membership required, first come first play",(253) 945-5200,,,,Tennis courts on Decatur HS campus.,,school,active
195,Thomas Jefferson High School,"4248 S 288th St, Auburn, WA 98001",4248 S 288th St,Auburn,WA,98001,,,6,False,False,False,outdoor,School,"No membership required, first come first play",(253) 945-5600,,,,Tennis courts on TJHS campus. Federal Way district; Auburn address.,Federal Way Public Schools,school,active
196,Five Mile Lake Park,"36429 44th Ave S, Auburn, WA 98001",36429 44th Ave S,Auburn,WA,98001,,,2,False,False,False,outdoor,King County Parks,First come first serve,(206) 477-6150,,,Dawn to Dusk,Tennis courts at this lakeside park.,Managed by King County Parks (not City of Federal Way). Reservations via King County Parks active.com portal.,public_park,active
197,Highline High School,"225 S 152nd St, Burien, WA 98148",225 S 152nd St,Burien,WA,98148,,,4,False,True,False,outdoor,School,"No membership required, first come first play",(206) 631-6000,,,,Four tennis courts with a hitting wall on Highline HS campus.,Highline Public Schools,school,active
198,Lake Burien Park,"14640 18th Ave SW, Burien, WA 98166",14640 18th Ave SW,Burien,WA,98166,,,2,False,False,False,outdoor,City of Burien,First come first serve,(206) 988-3700,,,Dawn to Dusk,Two tennis courts at neighborhood park overlooking Lake Burien.,,public_park,active
199,McMicken Heights Park,"3818 S 166th St, SeaTac, WA 98188",3818 S 166th St,SeaTac,WA,98188,,,2,False,False,True,outdoor,City of SeaTac,First come first serve,(206) 973-4670,,,Dawn to Dusk,Tennis courts at this SeaTac neighborhood park.,"Per SeaTac + Seattle Southside: venue has 1 tennis court + 1 pickleball court (pickleball-specific listings) or 2 tennis surfaces with pickleball lining (third-party tennis listings). Conservative interpretation: 2 tennis surfaces, PB Lined=Yes (one is dedicated PB or both have PB lines). Field-verify if publishing court-level striping distinction.",public_park,active
200,Crystal Springs Park,"15832 51st Ave S, Tukwila, WA 98188",15832 51st Ave S,Tukwila,WA,98188,,,1,False,False,False,outdoor,City of Tukwila,First come first serve,(206) 768-2822,,,Dawn to Dusk,Tennis courts at this Tukwila park.,Per City of Tukwila official: 15832 51st Ave S; confirms tennis + basketball courts. Third-party tennis sources list 1 tennis court. Field-verify count/lighting/PB if precision matters.,public_park,active
201,Vassault Park,"6100 N 37th St, Tacoma, WA 98407",6100 N 37th St,Tacoma,WA,98407,,,2,False,False,True,outdoor,Parks Tacoma (Metro Parks),First come first serve,(253) 305-1000,,,Dawn to Dusk,Two fenced tennis courts in North Tacoma (also lined for pickleball).,Per Parks Tacoma: park has tennis + pickleball features. Court count not specified on official page — verify. | ⚠️ Courts #=2 NOT yet field-verified by user. Parks Tacoma confirms tennis at venue but does not state count. Add field-verification date when checked.,public_park,active
202,SERA Campus Tennis/Pickleball Courts,"6002 S Adams St, Tacoma, WA 98409",6002 S Adams St,Tacoma,WA,98409,,,2,False,False,True,outdoor,Parks Tacoma (Metro Parks),First come first serve,(253) 305-1000,,,,South End Recreation & Adventure complex. Tennis/pickleball courts slated for renovation under 2026 bond.,Renamed from 'STAR Center (SERA)' per Parks Tacoma SERA Campus page (6002 S Adams St). Tennis confirmed; court count 2 needs field verification. | 2026 Parks Tacoma neighborhood-parks bond was approved by voters in April 2026; SERA tennis/pickleball courts are listed as a future redo item — construction schedule TBD. Verify current playability before publishing.,public_park,active
203,Stadium High School,"111 N E St, Tacoma, WA 98403",111 N E St,Tacoma,WA,98403,,,4,False,False,False,outdoor,School,"No membership required, first come first play",(253) 571-3100,,,,Tennis courts on the iconic Stadium HS campus.,Tacoma Public Schools,school,active
204,Dr. Dolores Silas High School Tennis Courts (formerly Wilson HS),"1202 N Orchard St, Tacoma, WA 98406",1202 N Orchard St,Tacoma,WA,98406,,,4,False,False,False,outdoor,School,"No membership required, first come first play",(253) 571-6000,,,,Tennis courts on Wilson HS campus.,Renamed Wilson HS → Dr. Dolores Silas HS per Tacoma Public Schools (Silas official site). Phone updated to current main line.,school,active
205,University of Puget Sound,"1500 N Warner St, Tacoma, WA 98416",1500 N Warner St,Tacoma,WA,98416,,,6,False,False,False,outdoor,School,First come first serve when not in use,(253) 879-3100,,,,Tennis courts on the UPS campus.,Private university,college,active
206,Clark Park,"2400 Lombard Ave, Everett, WA 98201",2400 Lombard Ave,Everett,WA,98201,,,6,True,True,False,outdoor,City of Everett,First come first serve outside school use,(425) 257-8300,,,6 AM to dusk (park); tennis courts available until 9 PM,Six tennis courts (Everett School District) used by Everett HS tennis; open for public use outside school activities.,"Everett's oldest park | Lighted Yes per Everett (tennis courts available until 9 PM) and third-party directories (Tennis-Round, RecPlanet) listing 6 lighted courts. Field-verify if publishing court-level amenities.",public_park,active
207,American Legion Memorial Park,"145 Alverson Blvd, Everett, WA 98201",145 Alverson Blvd,Everett,WA,98201,,,1,False,False,True,outdoor,City of Everett,First come first serve,(425) 257-8300,,,Dawn to Dusk,Tennis courts at this Everett park along the waterfront.,Per Everett official: features 1 tennis court + 1 pickleball court (portable nets used). Address corrected 144→145 Alverson Blvd.,public_park,active
208,Forest Park (Everett),"802 Mukilteo Blvd, Everett, WA 98203",802 Mukilteo Blvd,Everett,WA,98203,,,2,False,False,False,outdoor,City of Everett,First come first serve,(425) 257-8300,,,Dawn to Dusk,Tennis courts at this 196-acre Everett park.,"TEMPORARILY CLOSED — Everett's pickleball project at Forest Park, est. completion June 2026. Per Everett official: sport courts and horseshoe pits are closed for construction as of 2026-05.",public_park,temporarily_closed
209,Garfield Park (Everett),"2300 Walnut St, Everett, WA 98201",2300 Walnut St,Everett,WA,98201,,,1,False,False,True,outdoor,City of Everett,First come first serve,(425) 257-8300,,,Dawn to Dusk,Tennis courts at this Everett neighborhood park.,Per Everett official: features 1 tennis court + 1 pickleball court (portable nets used).,public_park,active
210,Howarth Park,"1127 Olympic Blvd, Everett, WA 98203",1127 Olympic Blvd,Everett,WA,98203,,,2,False,False,True,outdoor,City of Everett,First come first serve,(425) 257-8300,,,Dawn to Dusk,Tennis courts at this waterfront park.,Pickleball Lined Yes per Everett RCO renovation scope (repair/resurface/restripe including pickleball striping on tennis courts). Verify final layout on-site.,public_park,active
211,Lowell Park,"4605 S 3rd Ave, Everett, WA 98201",4605 S 3rd Ave,Everett,WA,98201,,,1,False,False,True,outdoor,City of Everett,First come first serve,(425) 257-8300,,,Dawn to Dusk,One tennis/pickleball multi-use court at Lowell Park (Everett). Portable nets used for play.,Per Everett official + third-party listings: 1 tennis/pickleball multi-use court (not 2 dedicated tennis). Portable nets in use.,public_park,active
212,Cascade High School,"801 E Casino Rd, Everett, WA 98203",801 E Casino Rd,Everett,WA,98203,,,6,False,False,False,outdoor,School,"No membership required, first come first play",(425) 385-6000,,,,Tennis courts on Cascade HS campus.,Everett Public Schools,school,active
213,Kamiak High School,"10801 Harbour Pointe Blvd, Mukilteo, WA 98275",10801 Harbour Pointe Blvd,Mukilteo,WA,98275,,,6,False,False,False,outdoor,School,"No membership required, first come first play",(425) 366-5800,,,,Tennis courts on Kamiak HS campus.,Mukilteo School District,school,active
214,Mariner High School,"200 120th St SW, Everett, WA 98204",200 120th St SW,Everett,WA,98204,,,6,False,False,False,outdoor,School,"No membership required, first come first play",(425) 356-5500,,,,Tennis courts on Mariner HS campus. (Mukilteo SD; Everett address.),Mukilteo School District,school,active
215,Lake Stevens High School,"2602 113th Ave NE, Lake Stevens, WA 98258",2602 113th Ave NE,Lake Stevens,WA,98258,,,6,False,False,False,outdoor,School,"No membership required, first come first play",(425) 335-1500,,,,Tennis courts on Lake Stevens HS campus.,Lake Stevens School District,school,active
216,McKnight Middle School,"1200 Edmonds Ave NE, Renton, WA 98056",1200 Edmonds Ave NE,Renton,WA,98056,,,4,False,False,False,outdoor,School,"No membership required, first come first play",(425) 204-3600,,,,Four tennis courts on McKnight MS campus in Renton Highlands. Public use outside school hours.,Renton School District,school,active
217,Liberty High School (Renton),"16655 SE 136th St, Renton, WA 98059",16655 SE 136th St,Renton,WA,98059,,,6,True,False,False,outdoor,School,"No membership required, first come first play",(425) 837-4800,,,,Lighted tennis courts on Liberty HS campus in East Renton Highlands. Issaquah School District.,Issaquah SD (verify court count: sources conflict between 3 unlit and 6 lighted; recent renovations suggest 6 lighted) | Official school address per NCES/Issaquah SD: 16655 SE 136th St (was 16801 SE 138th St in earlier rows — may have been a court entrance vs main school entrance). Court count and lighting still need on-site verification (sources conflict 3 vs 6 / unlit vs lighted).,school,active
218,Issaquah High School,"700 2nd Ave SE, Issaquah, WA 98027",700 2nd Ave SE,Issaquah,WA,98027,,,6,True,False,False,outdoor,School,"No membership required, first come first play",(425) 837-6000,,,,Six lighted tennis courts on Issaquah HS campus. Public use outside school activities.,Issaquah School District,school,active
219,The Plateau Club,"25625 E Plateau Dr, Sammamish, WA 98074",25625 E Plateau Dr,Sammamish,WA,98074,,,2,False,False,True,outdoor,Club,Members only - reservations via Recreation Center,(425) 868-6063,,,,Two outdoor tennis courts (also striped for pickleball) at this Sammamish private club. Reservations up to 7 days in advance for members. Tennis ball machine available.,"Per The Plateau Club official site: 'two tennis courts, a tennis ball machine, and pickleball'",private_club,active
220,Villaggio on Yarrow Bay,"4311 Lake Washington Blvd NE, Kirkland, WA 98033",4311 Lake Washington Blvd NE,Kirkland,WA,98033,,,4,True,False,False,outdoor,Apartments owned,Villaggio residents and guests only,(425) 827-4603,,,,Four lighted outdoor tennis courts at this waterfront luxury apartment community. Residents and guests only.,Verified via Villaggio's official amenities page,public_park,active
221,Newport High School,"4333 Factoria Blvd SE, Bellevue, WA 98006",4333 Factoria Blvd SE,Bellevue,WA,98006,,,6,False,False,False,outdoor,School,"No membership required, first come first play",(425) 456-7000,,,,Tennis courts on Newport HS campus. Public use outside school hours and team activities; not reservable.,Bellevue School District - verify exact court count,school,active
222,Interlake High School,"16245 NE 24th St, Bellevue, WA 98008",16245 NE 24th St,Bellevue,WA,98008,,,6,False,False,False,outdoor,School,"No membership required, first come first play",(425) 456-7200,,,,Tennis courts on Interlake HS campus. Public use outside school hours.,Bellevue School District,school,active
223,Tam O'Shanter Golf & Country Club,"1313 183rd Ave NE, Bellevue, WA 98008",1313 183rd Ave NE,Bellevue,WA,98008,,,4,False,False,False,outdoor,HOA/Private,Tam O'Shanter HOA members only,(425) 746-1141,,,,"Four tennis courts at this private residential community club between Bellevue and Redmond. Park also has playground, volleyball, and basketball courts. HOA members only.",Per Tam O'Shanter and community sources: 4 tennis courts in recreational park,hoa_community,active
224,Glendale Country Club,"13554 Main St, Bellevue, WA 98005",13554 Main St,Bellevue,WA,98005,,,3,False,False,False,outdoor,Club,By invitation/Members only,(425) 746-7377,,,,Three hard-surface tennis courts at this 18-hole championship country club in Bellevue.,"Per Global Tennis Network: 3 courts, unlit",private_club,active
225,Sahalee Country Club,"21200 NE Sahalee Country Club Dr, Sammamish, WA 98074",21200 NE Sahalee Country Club Dr,Sammamish,WA,98074,,,4,False,False,False,outdoor,Club,By invitation/Members only,(425) 868-1502,,,,Tennis courts at the prestigious Sahalee Country Club (host of 1998 PGA Championship and 2016/2024 Women's PGA Championship). Members only.,Verify exact court count on-site,private_club,active
226,Overlake Golf & Country Club,"8000 NE 16th St, Medina, WA 98039",8000 NE 16th St,Medina,WA,98039,,,4,False,False,False,outdoor,Club,By invitation only,(425) 454-2261,,,,"Tennis courts at this historic country club founded 1927. Includes golf, tennis, swimming, and clubhouse activities. Invitation-only.",Verify exact court count on-site,private_club,active
227,Bear Creek Country Club,"13737 202nd Ave NE, Woodinville, WA 98077",13737 202nd Ave NE,Woodinville,WA,98077,,,4,False,False,True,outdoor,Club,Members only,(425) 883-4770,,,,Tennis and pickleball courts at this private golf/country club in Woodinville. Members only.,Verify exact court count on-site,private_club,active
228,Cleveland Playfield,"5512 13th Ave S, Seattle, WA 98108",5512 13th Ave S,Seattle,WA,98108,,,3,False,False,False,outdoor,Seattle Parks & Recreation,First come first serve,(206) 684-4075,,,Dawn to Dusk,"Three tennis courts at Cleveland Playfield, part of Seattle Parks & Recreation.",Listed on Seattle Parks tennis reservation page (Courts #1-#3).,public_park,active
229,Hutchinson Playground,"5801 S Pilgrim St, Seattle, WA 98118",5801 S Pilgrim St,Seattle,WA,98118,,,2,False,False,False,outdoor,Seattle Parks & Recreation,First come first serve,(206) 684-4075,,,Dawn to Dusk,"Two tennis courts at Hutchinson Playground in South Seattle, part of Seattle Parks & Recreation.",Listed on Seattle Parks tennis reservation page (Courts #1-#2).,public_park,active
230,Cowen Park,"5849 15th Ave NE, Seattle, WA 98105",5849 15th Ave NE,Seattle,WA,98105,,,2,False,False,False,outdoor,Seattle Parks & Recreation,First come first serve,(206) 684-4075,,,Dawn to Dusk,Two tennis courts at Cowen Park in the University District; currently under construction.,TEMPORARILY CLOSED — Courts #1-#2 marked under construction on Seattle Parks' reservation page. Revisit after construction completes.,public_park,temporarily_closed
231,Roanoke Park (Mercer Island),"70th Ave SE & W Mercer Way, Mercer Island, WA 98040",70th Ave SE & W Mercer Way,Mercer Island,WA,98040,,,1,False,False,False,outdoor,City of Mercer Island,First come first serve (no private reservations per MI Sport Court Rentals policy),(206) 275-7609,,,Dawn to Dusk,"Single tennis court at Roanoke Park, Mercer Island.",Per Mercer Island official park page.,public_park,active
232,Sprinker Recreation Center (Outdoor),"521 Military Rd S, Tacoma, WA 98444",521 Military Rd S,Tacoma,WA,98444,,,6,False,False,True,outdoor,Pierce County Parks & Recreation,"Public, first come first serve",(253) 798-4000,,,Park hours,Six outdoor tennis courts at Sprinker Recreation Center (Pierce County). Facility also has 4 indoor courts (tracked as separate row) and outdoor pickleball courts.,Per Pierce County: facility includes 10 tennis courts (4 indoor + 6 outdoor) and outdoor pickleball. This row tracks the 6 outdoor courts. | Pickleball Lined=Yes here means the venue has outdoor pickleball courts (per Pierce County). Whether the 6 outdoor tennis courts themselves are PB-striped is not confirmed by Pierce County — field-verify if you need court-level striping distinction.,public_park,active
233,Sprinker Recreation Center (Indoor),"521 Military Rd S, Tacoma, WA 98444",521 Military Rd S,Tacoma,WA,98444,,,4,True,False,False,indoor,Pierce County Parks & Recreation,Reservation required for indoor courts,(253) 798-4000,,,Park hours,Four indoor tennis courts at Sprinker Recreation Center (Pierce County).,Per Pierce County: facility includes 10 tennis courts (4 indoor + 6 outdoor). This row tracks the 4 indoor courts. | Gorin Tennis operates the indoor tennis program here. Public access also available.,indoor_facility,active
234,Galbraith Tennis Center,"1680 S Mildred St, Tacoma, WA 98465",1680 S Mildred St,Tacoma,WA,98465,,,6,True,False,False,indoor,USTA Pacific Northwest / City of Tacoma,Open to public; reservations available,(253) 533-1145,,,Varies,Six newly resurfaced indoor tennis courts at this USTA Pacific Northwest public tennis facility.,Public USTA PNW tennis facility. Recently resurfaced indoor courts.,indoor_facility,active
235,Klahanie Summit Tennis (HOA),"4400 Klahanie Dr SE, Issaquah, WA 98029",4400 Klahanie Dr SE,Issaquah,WA,98029,,,1,False,False,True,outdoor,HOA/Private (Klahanie Homeowners Association),Klahanie HOA members and guests only,Klahanie HOA,,,Per HOA,One tennis court (plus 2 pickleball courts) at the Klahanie Summit HOA facility. Part of the Klahanie community's 5 total tennis courts across 3 facilities.,"Per Klahanie sports page: Summit has 1 tennis + 2 pickleball. Sibling rows: Klahanie Lakeside (2 tennis), Klahanie Mountainview (2 tennis). | ⚠️ Address is best-known location for Klahanie Summit Pool & Tennis facility; confirm exact mapping with HOA before publishing.",hoa_community,active
236,Klahanie Lakeside Tennis (HOA),"24811 SE 39th St, Issaquah, WA 98029",24811 SE 39th St,Issaquah,WA,98029,,,2,False,False,False,outdoor,HOA/Private (Klahanie Homeowners Association),Klahanie HOA members and guests only,Klahanie HOA,,,Per HOA,Two tennis courts at the Klahanie Lakeside HOA facility. Part of the Klahanie community's 5 total tennis courts across 3 facilities.,"Per Klahanie sports page: Lakeside has 2 tennis courts. Sibling rows: Klahanie Summit (1 tennis + 2 PB), Klahanie Mountainview (2 tennis). | ⚠️ Address is best-known location for Klahanie Lakeside Pool & Tennis facility; confirm exact mapping with HOA before publishing.",hoa_community,active
237,Inglewood Middle School,"24120 NE 8th St, Sammamish, WA 98074",24120 NE 8th St,Sammamish,WA,98074,,,6,False,False,False,outdoor,Lake Washington School District,"No membership required, first come first play",(425) 936-2360,,,After school hours,Six tennis courts at Inglewood Middle School (Lake Washington School District). School courts often available for public use after school hours; verify current access.,⚠️ Court count (6) from third-party directory; verify on-site. Public access after school activities — confirm current policy.,school,active
238,Battle Point Park Tennis Courts,"11299 Arrow Point Dr, Bainbridge Island, WA 98110",11299 Arrow Point Dr,Bainbridge Island,WA,98110,,,2,False,False,False,outdoor,Bainbridge Island Metro Park & Recreation District,Available for rent,(206) 842-2306,,,Park hours,"Two standard-size tennis courts at Battle Point Park, available for rent through Bainbridge Island Metro Park & Recreation District.",Per Bainbridge Island Metro Parks official: 2 standard size tennis courts available for rent.,public_park,active
239,Browns Point Playfield,"4915 La Hal Da Ln NE, Tacoma, WA 98422",4915 La Hal Da Ln NE,Tacoma,WA,98422,,,2,False,False,True,outdoor,Parks Tacoma (Metro Parks Tacoma),"Public, first come first serve",(253) 305-1000,,,Park hours,Tennis and sport courts at Browns Point Playfield (Parks Tacoma). Courts were recently restriped per the neighborhood parks bond program.,2 tennis courts; pickleball striping confirmed. Parks Tacoma confirms tennis/sport courts at venue.,public_park,active
240,Jefferson Park (Tacoma),"801 N Mason Ave, Tacoma, WA 98406",801 N Mason Ave,Tacoma,WA,98406,,,3,False,False,True,outdoor,Parks Tacoma (Metro Parks Tacoma),"Public, first come first serve",(253) 305-1000,,,Park hours,Tennis and pickleball courts at Jefferson Park (Parks Tacoma). Hosts 2026 Parks Tacoma tennis camp programs.,3 tennis courts total; 2 of the 3 are pickleball-lined. Parks Tacoma confirms tennis/pickleball at venue.,public_park,active
241,Verlo Playfield,"4321 McKinley Ave, Tacoma, WA 98404",4321 McKinley Ave,Tacoma,WA,98404,,,1,False,False,False,outdoor,Parks Tacoma (Metro Parks Tacoma),"Public, first come first serve",(253) 305-1000,,,Park hours,Tennis court at Verlo Playfield (Parks Tacoma). Basketball court was recently converted to a multipurpose court.,Per Parks Tacoma official: 1 tennis court. Verify current status post-multipurpose conversion of adjacent basketball court.,public_park,active
242,Cloverdale Park,"1635 E 59th St, Tacoma, WA 98404",1635 E 59th St,Tacoma,WA,98404,,,1,False,False,False,outdoor,Parks Tacoma (Metro Parks Tacoma),"Public, first come first serve",(253) 305-1000,,,Park hours,Basketball and tennis courts at Cloverdale Park (Parks Tacoma).,1 tennis court; no pickleball striping; no hitting wall. Parks Tacoma confirms tennis at venue.,public_park,active
243,Alling Park,"1134 S 60th St, Tacoma, WA 98408",1134 S 60th St,Tacoma,WA,98408,,,1,False,False,False,outdoor,Parks Tacoma (Metro Parks Tacoma),"Public, first come first serve",(253) 305-1000,,,Park hours,Tennis at Alling Park (Parks Tacoma).,1 tennis court. Parks Tacoma confirms tennis at venue.,public_park,active
244,Titlow Park & Lodge,"8425 6th Ave, Tacoma, WA 98465",8425 6th Ave,Tacoma,WA,98465,,,2,False,False,False,outdoor,Parks Tacoma (Metro Parks Tacoma),"Public, first come first serve",(253) 305-1000,,,Park hours,Tennis at Titlow Park & Lodge (Parks Tacoma).,2 tennis courts. Parks Tacoma confirms tennis at venue.,public_park,active
245,Point Defiance Park,"5629 N 49th St, Ruston, WA 98407",5629 N 49th St,Ruston,WA,98407,,,3,False,False,True,outdoor,Parks Tacoma (Metro Parks Tacoma),"Public, first come first serve",(253) 305-1000,,,Park hours,Tennis at Point Defiance Park (Parks Tacoma).,3 tennis courts; 2 of the 3 are pickleball-lined. Tennis courts located on Ruston side of Point Defiance Park (Ruston is a small separate city enclosed by Tacoma). Official Parks Tacoma page is broad and does not specify court count.,public_park,active
246,Stewart Heights Park,"5715 Reginald Gutierrez Ln, Tacoma, WA 98404",5715 Reginald Gutierrez Ln,Tacoma,WA,98404,,,4,False,False,True,outdoor,Parks Tacoma (Metro Parks Tacoma),"Public, first come first serve",(253) 305-1000,,,Park hours,Basketball and tennis courts at Stewart Heights Park (Parks Tacoma). Courts were resurfaced and restriped per the neighborhood parks bond program.,4 tennis courts; pickleball-lined. (Earlier note attributing courts to the Parks Tacoma bond resurfacing program could not be confirmed against the official bond scope and has been removed.),public_park,active
247,Tacoma Lawn Tennis Club,"502 N Borough Rd, Tacoma, WA 98403",502 N Borough Rd,Tacoma,WA,98403,,,8,False,False,True,both,Private Club,Members only,(253) 383-5934,,,Varies,Eight tennis courts at this private member-owned club. Seasonal indoor/outdoor configuration; also has a pickleball court.,Member-owned private club with seasonal indoor/outdoor court configurations. Per TLTC official: 8 tennis courts + 1 pickleball court.,private_club,active
248,Amy Yee Tennis Center (Indoor),"2000 Martin Luther King Jr Way S, Seattle, WA 98144",2000 Martin Luther King Jr Way S,Seattle,WA,98144,,,10,True,False,False,indoor,Seattle Parks & Recreation,Reservation required,(206) 684-4764,,,Varies,"Ten indoor tennis courts at the Amy Yee Tennis Center, Seattle's primary indoor tennis facility. Reservations through Amy Yee / Seattle Parks.",Companion row to Amy Yee outdoor (6 courts). Seattle Parks lists 10 indoor + 6 outdoor courts total at AYTC.,indoor_facility,active
249,Seaview Park,"8030 185th St SW, Edmonds, WA 98026",8030 185th St SW,Edmonds,WA,98026,,,2,False,False,True,outdoor,"City of Edmonds Parks, Recreation and Human Services",First come first serve,(425) 771-0230,,,Dawn to Dusk,Tennis and pickleball courts at Seaview Park (City of Edmonds). Two outdoor tennis courts per third-party tennis directories; verify count on-site.,"Per Edmonds athletics page, Seaview Park is listed among tennis/pickleball court locations. Court count of 2 from third-party directories — field-verify if precision matters.",public_park,active
250,Explorer Middle School,"9600 Sharon Dr, Everett, WA 98204",9600 Sharon Dr,Everett,WA,98204,,,3,False,False,False,outdoor,Mukilteo School District,First come first serve outside school hours,(425) 366-5000,,,Outside school hours,Three outdoor tennis courts at Explorer Middle School (Mukilteo School District). School courts often available for public use outside school hours; verify access policy.,"Court count of 3 from third-party directories (Ralle, TennisProNow). Public access timing should be verified.",school,active
251,Lynndale Park,"18927 72nd Ave W, Lynnwood, WA 98036",18927 72nd Ave W,Lynnwood,WA,98036,,,2,False,False,False,outdoor,"City of Lynnwood Parks, Recreation and Cultural Arts",First come first serve,(425) 670-5732,,,Dawn to Dusk,Tennis courts at Lynndale Park (City of Lynnwood). Conservative count of 2 used; some directories list up to 4 — field-verify count and lighting.,⚠️ Court count source-conflict: Lynnwood official page confirms park; third-party tennis directories disagree between 2 and 4 courts and on lighting. Conservative count of 2 used. Field-verify before publishing. | ⚠️ Lights/count source conflict: one tennis directory lists 4 lighted courts; another lists 2 unlighted. Lynnwood official page confirms tennis courts but does not state count or lighting. Field-verify before publishing.,public_park,active
252,Evergreen Playfield Complex Tennis Courts,"22205 56th Ave W, Mountlake Terrace, WA 98043",22205 56th Ave W,Mountlake Terrace,WA,98043,,,4,True,False,False,outdoor,City of Mountlake Terrace Recreation & Parks,First come / city reservation policy,(425) 776-9173,,,Dawn to Dusk (lights extend hours),Four lighted tennis courts at the Evergreen Playfield Complex (Mountlake Terrace).,⚠️ 2026 RENOVATION WATCH: April 2026 city update says the three lower tennis courts will be renovated and the single upper court will be converted to three pickleball courts. Tennis-court count will drop from 4 to 3 after renovation.,public_park,active
253,Ballinger Playfield Tennis Court,"23000 Lakeview Dr, Mountlake Terrace, WA 98043",23000 Lakeview Dr,Mountlake Terrace,WA,98043,,,1,False,False,False,outdoor,City of Mountlake Terrace Recreation & Parks,First come first serve,(425) 776-9173,,,Dawn to Dusk,Single tennis court at Ballinger Playfield (Mountlake Terrace).,Per Mountlake Terrace parks overview: city has 5 tennis courts total (4 at Evergreen + 1 at Ballinger).,public_park,active
254,Edgewater Park Tennis/Pickleball Court,"3731 Mukilteo Blvd, Everett, WA 98203",3731 Mukilteo Blvd,Everett,WA,98203,,,1,False,False,True,outdoor,City of Everett,First come first serve,(425) 257-8300,,,Dawn to Dusk,One tennis/pickleball multi-use court at Edgewater Park (Everett).,"TEMPORARILY CLOSED — Everett's Edgewater Park sport-court closure is in progress now (Spring 2026 construction phase). Per RCO project documentation, the replacement sport court will be multi-use: tennis, pickleball, AND basketball designations. Reopening expected Fall 2026. Flip Tennis Playable back to Yes and update court count/PB status after on-site verification of the rebuilt court.",public_park,temporarily_closed
255,Medina Park Tennis Court,"7857 NE 12th St, Medina, WA 98039",7857 NE 12th St,Medina,WA,98039,,,1,False,False,False,outdoor,City of Medina,First come first serve,(425) 233-6400,,,Dawn to Dusk,Single tennis court at Medina Park.,"✅ Address user-verified (2026-05-12): 7857 NE 12th St, Medina, WA 98039 (replaces intersection-style entry). | Per City of Medina: tennis court at Medina Park. 2025 fencing project ongoing.",public_park,active
256,Fairweather Nature Preserve Tennis Courts,"7620 NE 32nd St, Medina, WA 98039",7620 NE 32nd St,Medina,WA,98039,,,2,False,False,False,outdoor,City of Medina,First come first serve,(425) 233-6400,,,Dawn to Dusk,Two tennis courts at Fairweather Nature Preserve.,"✅ Address user-verified (2026-05-12): 7620 NE 32nd St, Medina, WA 98039 (replaces intersection-style entry). | Per City of Medina official: two tennis courts, first come first serve.",public_park,active
257,Steve Cox Memorial Park Tennis Courts,"1321 SW 102nd St, Seattle, WA 98146",1321 SW 102nd St,Seattle,WA,98146,,,4,False,False,True,outdoor,King County Parks,First come first serve,(206) 477-7275,,,Dawn to Dusk,"Tennis courts at Steve Cox Memorial Park (King County Parks, White Center area).",4 tennis courts with pickleball lines.,public_park,active
258,Gene Coulon Memorial Beach Park Tennis Courts,"1201 Lake Washington Blvd N, Renton, WA 98056",1201 Lake Washington Blvd N,Renton,WA,98056,,,2,False,False,False,outdoor,City of Renton,First come first serve,(425) 430-6700,,,Dawn to Dusk,Tennis courts at Gene Coulon Memorial Beach Park (City of Renton waterfront park).,Per Renton's official 2026 amenities matrix: tennis confirmed at Gene Coulon Memorial Beach Park. Court count (2) and unlit status from third-party directories — field-verify if precision matters.,public_park,active
259,Highlands Park & Neighborhood Center Tennis Courts,"800 Edmonds Ave NE, Renton, WA 98056",800 Edmonds Ave NE,Renton,WA,98056,,,2,True,False,False,outdoor,City of Renton,First come first serve,(425) 430-6700,,,Dawn to Dusk,Tennis courts at Highlands Park / Highlands Neighborhood Center (City of Renton).,Per Renton's 2026 amenities matrix: tennis court confirmed. 2 lighted courts per Tennis-Seattle directory — field-verify count/lights.,public_park,active
260,Kiwanis Park,"815 Union Ave NE, Renton, WA 98059",815 Union Ave NE,Renton,WA,98059,,,2,False,False,False,outdoor,City of Renton,First come first serve,(425) 430-6700,,,Dawn to Dusk,Tennis courts at Kiwanis Park (City of Renton).,2 tennis courts. Per Renton's 2026 amenities matrix: tennis court confirmed.,public_park,active
261,North Highlands Park & Neighborhood Center Tennis Court,"3000 NE 16th St, Renton, WA 98056",3000 NE 16th St,Renton,WA,98056,,,1,False,False,False,outdoor,City of Renton,First come first serve,(425) 430-6700,,,Dawn to Dusk,Tennis court at North Highlands Park / North Highlands Neighborhood Center (City of Renton).,Per Renton's 2026 amenities matrix: tennis court confirmed. Single court per Bounce.game; field-verify count and lighting.,public_park,active
262,Philip Arnold Park Tennis Courts,"720 Jones Ave S, Renton, WA 98057",720 Jones Ave S,Renton,WA,98057,,,2,True,False,False,outdoor,City of Renton,First come first serve,(425) 430-6700,,,Dawn to Dusk,Tennis courts at Philip Arnold Park (City of Renton).,"Per Renton's 2026 amenities matrix: tennis court confirmed. 2 lighted courts per third-party directories (Bounce.game, Ralle) — field-verify lighting.",public_park,active
263,Tiffany Park Tennis Courts,"1902 Lake Youngs Way SE, Renton, WA 98058",1902 Lake Youngs Way SE,Renton,WA,98058,,,2,False,False,False,outdoor,City of Renton,First come first serve,(425) 430-6700,,,Dawn to Dusk,Tennis and basketball courts at Tiffany Park (City of Renton).,Per Renton's 2026 amenities matrix: tennis court confirmed. 2 courts per TennisProNow; Visit Renton confirms tennis+basketball. Field-verify count/lights.,public_park,active
264,Tukwila Park Tennis/Pickleball Courts,"15460 65th Ave S, Tukwila, WA 98188",15460 65th Ave S,Tukwila,WA,98188,,,3,False,False,True,outdoor,City of Tukwila Parks,First come first serve,(206) 768-2822,,,Dawn to Dusk,Tennis and pickleball courts at Tukwila Park (City of Tukwila).,"⚠️ Court count source-conflict: Tukwila official page confirms tennis/PB but doesn't state count; Tennis-Round lists 3. Field-verify count, lighting, and PB striping mix.",public_park,active
265,Valley Ridge Park Tennis Courts,"4644 S 188th St, SeaTac, WA 98188",4644 S 188th St,SeaTac,WA,98188,,,2,False,False,False,outdoor,City of SeaTac Parks,First come first serve,(206) 973-4680,,,Dawn to Dusk,Two tennis courts at Valley Ridge Park (City of SeaTac).,Per City of SeaTac + Seattle Southside: 2 tennis courts. Field-verify lighting and pickleball striping if needed.,public_park,active
266,Renton High School Tennis Courts,"400 S 2nd St, Renton, WA 98057",400 S 2nd St,Renton,WA,98057,,,4,False,False,False,outdoor,Renton School District,First come first serve outside school hours; court rentals via RSD Athletics,(425) 204-3400,,,Outside school hours,Four tennis courts at Renton High School (Renton School District).,Court count of 4 from third-party listings. Rental access supported by Renton SD facilities rental page. Verify current public-access timing.,school,active
267,Lindbergh High School Tennis Courts,"16426 128th Ave SE, Renton, WA 98058",16426 128th Ave SE,Renton,WA,98058,,,4,False,False,False,outdoor,Renton School District,First come first serve outside school hours; court rentals via RSD Athletics,(425) 204-3300,,,Outside school hours,Four tennis courts at Lindbergh High School (Renton School District).,Court count of 4 from third-party tennis directories. Rental access via Renton SD facilities rental page.,school,active
268,Foster High School Tennis Courts,"4640 S 144th St, Tukwila, WA 98168",4640 S 144th St,Tukwila,WA,98168,,,4,False,False,False,outdoor,Tukwila School District,First come first serve outside school hours; verify district access policy,(206) 901-7900,,,Outside school hours,Four tennis courts at Foster High School (Tukwila School District).,Court count of 4 from third-party tennis directories. Verify current public-access timing with Tukwila SD.,school,active
